Workbook

Sheet README & Methodology
B2: Amazon.ca Beverage - Competitor Intelligence Master File
B3: Build date: 2026-06-06 | v3 Enterprise | 2898 SKUs from 124 product lines / 101 brands
B5: CRITICAL - READ FIRST
B6: Data-access limitation | C6: Generated with NO live access to Amazon (HTTP 403 on search, product, and brand pages). The file therefore contains NO live prices, Subscribe & Save terms, coupons, ratings, review counts, badges, ranks, or URLs. Those cells are intentionally BLANK and amber-highlighted - they are NOT fabricated.
B7: SKU model - HOW THE ~1000+ ROWS ARE BUILT | C7: The Master tabs are SKU-level. Because each flavour x pack-size is a separate ASIN on Amazon, every product LINE is exploded into individual SKU rows (line x flavour x pack). These are DERIVED / CANDIDATE SKUs to verify against live listings - NOT confirmed ASINs. Flavour lists are representative not exhaustive, and some specific flavour+pack combinations may not exist exactly as shown. The live catalogue cannot be enumerated without Amazon access; this expansion approximates its shape.
B8: What IS filled (and its confidence) | C8: Stable attributes - brand, SKU, format/size, typical pack, flavours, caffeine/sodium/potassium/sugar/calories, sweetener, claims, positioning, plus an honest velocity ESTIMATE - filled from manufacturer + secondary sources. Treat all as APPROXIMATE and verify on the live label. Nutrition is per single serving and varies by flavour.
B9: What is BLANK (capture live) | C9: Fields 6, 9-14, 23-26, 30 and helper H2. All amber. Filled by a live-capture pass (see 'Live-Capture Protocol' tab).
B10: Built-in automation | C10: Fields 7,8,11,14 are LIVE FORMULAS. Enter price (F), pack (E), S&S % as decimal (J, e.g. 0.15) and coupon value (H2); per-unit, per-100 mL, S&S price and stacked floor compute instantly and the red row-flag clears.
B11: NEW v2 - computed analytics | C11: Columns C1-C6 on every Master tab: Caffeine/100 mL, Sugar/100 mL, Sodium/100 mL, Sugar-Free flag, Health Score, Functional Score - all live formulas off the nutrition you can already see.
B12: Health Score (0-100) model | C12: =MAX(0, MIN(100, 100 - sugar*2.5 - calories*0.12 + 12 if sugar<=1)). Higher = lighter/cleaner. Transparent and editable; based on APPROXIMATE nutrition.
B13: Functional Score (0-100) model | C13: Sodium (>=100=20, >=30=10) + Potassium (>=100=20) + Caffeine (>=150=20, >=50=12, else 5) + Low-sugar bonus (<=1 g=15). Higher = more 'functional' payload. A heuristic, not a medical claim.
B14: Stacking model (field 14) | C14: Lowest Effective = (Price - Coupon) x (1 - S&S %). Assumes coupon + subscription stack on one order (usual Amazon behaviour); confirm per listing.
B15: Velocity estimate (field 27) | C15: Bands are ESTIMATES from brand prominence/category position because live review counts/BSR were not accessible. Re-derive from real #Ratings + BSR once captured. Never a unit count.
B16: Scope rules | C16: RTD only. Powders, drink-mix packets, tablets EXCLUDED (Liquid I.V., Nuun, LMNT, Cure powder, Cirkul). One PRIMARY category per product; overlaps noted.
B17: Cross-tab linkage | C17: Pricing & Promo and Subscription tabs are LIVE-LINKED to the Master tabs - fill a price once and those tabs update automatically.
B18: Tabs | C18: README, Executive Dashboard, Data Dictionary, 5 Master tabs, Brand Roll-up, Category Benchmarks, Nutrition Scoreboard, Pricing & Promo, Subscription Strategy, Why They Win, Velocity Estimate, Flavour Map, Live-Capture Protocol, QA & Integrity, Sources.
B19: Integrity statement | C19: Nothing in the commercial columns is invented. Where a live figure could not be obtained it is blank and flagged, so the file survives a fact-check against the live listings.

Sheet Executive Dashboard
B2: Executive Dashboard
B3: Amazon.ca RTD beverage landscape | 2026-06-06 | ESTIMATE/secondary data - see README
B5: 2898 | C5: 124 | D5: 101 | E5: 5 | F5: 12.9 | G5: =(COUNT('M1 - Sparkling Electrolyte'!F2:F249)+COUNT('M2 - Electrolyte RTD'!F2:F405)+COUNT('M3 - Functional Beverage'!F2:F544)+COUNT('M4 - Caffeine & Energy'!F2:F810)+COUNT('M5 - Sparkling Water & Soda'!F2:F895))/2898
B6: SKUs | C6: Product lines | D6: Brands | E6: Categories | F6: Avg sugar (g) | G6: Price capture %
B19: Chart data (computed from stable attributes)
B20: Category | C20: # Products | D20: Avg sugar (g) | E20: Avg caffeine (mg)
B21: Sparkling electrolyte | C21: 248 | D21: 0.9 | E21: 38.8
B22: Electrolyte beverage ( | C22: 404 | D22: 8.2 | E22: 0
B23: Functional beverage (s | C23: 543 | D23: 6.2 | E23: 6.8
B24: Caffeine & energy beve | C24: 809 | D24: 19.6 | E24: 153.6
B25: Sparkling water & soda | C25: 894 | D25: 15.2 | E25: 10.8
B27: Sweetener class | C27: # Products
B28: Caloric only | C28: 43
B29: Non-caloric only | C29: 41
B30: None / unsweetened | C30: 24
B31: Blend (caloric + non-caloric) | C31: 13
B32: Other | C32: 3

Sheet Data Dictionary
A1: Field # | B1: Field name | C1: Definition / how to read it | D1: Source class | E1: Status in this file
A2: 1 | B2: Brand | C2: Manufacturer/brand name. | D2: Stable | E2: Filled (approx)
A3: 2 | B3: Product Line / SKU Name | C3: Exact product/line name; confirm spelling. | D3: Stable | E3: Filled (approx)
A4: 3 | B4: Category | C4: One of five scope categories (primary). | D4: Assigned | E4: Filled
A5: 4 | B5: Format & Size | C5: Container type + single-unit size. | D5: Stable | E5: Filled (approx)
A6: 5 | B6: Pack Count | C6: Units per multipack (typical). | D6: Stable | E6: Filled (typical)
A7: 6 | B7: One-Time Price (CAD) | C7: List one-time price. | D7: LIVE Amazon.ca | E7: BLANK - capture
A8: 7 | B8: Price / Unit (CAD) | C8: =Price/Pack. | D8: Calculated | E8: Auto
A9: 8 | B9: Price / 100 mL (CAD) | C9: =Price/(UnitVol*Pack)*100. | D9: Calculated | E9: Auto
A10: 9 | B10: S&S Offered (Y/N) | C10: Subscribe & Save offered? | D10: LIVE Amazon.ca | E10: BLANK - capture
A11: 10 | B11: S&S Discount % | C11: Enter decimal (0.15=15%). | D11: LIVE Amazon.ca | E11: BLANK - capture
A12: 11 | B12: S&S Price After Discount | C12: =Price*(1-S&S%). | D12: Calculated | E12: Auto
A13: 12 | B13: Coupon (Y/N + value) | C13: Clippable coupon + value. | D13: LIVE Amazon.ca | E13: BLANK - capture
A14: 13 | B14: Promotion Text | C14: Multi-buy/lightning/Prime/bundle. | D14: LIVE Amazon.ca | E14: BLANK - capture
A15: 14 | B15: Lowest Effective Price | C15: =(Price-Coupon)*(1-S&S%). | D15: Calculated | E15: Auto
A16: 15 | B16: All Flavours | C16: Flavours in/around listing. | D16: Stable | E16: Filled (approx)
A17: 16 | B17: Caffeine / Serving (mg) | C17: Per serving; 'Not listed' if none. | D17: Stable | E17: Filled (approx)
A18: 17 | B18: Sodium / Serving (mg) | C18: Per serving. | D18: Stable | E18: Filled (approx)
A19: 18 | B19: Potassium / Serving (mg) | C19: Per serving; blank if not listed. | D19: Stable | E19: Filled (approx)
A20: 19 | B20: Sugar / Serving (g) | C20: Per serving. | D20: Stable | E20: Filled (approx)
A21: 20 | B21: Calories / Serving | C21: Per serving. | D21: Stable | E21: Filled (approx)
A22: 21 | B22: Sweetener Type | C22: Caloric/non-caloric sweetener(s). | D22: Stable | E22: Filled (approx)
A23: 22 | B23: Key Functional Claims | C23: Headline benefit claims. | D23: Stable | E23: Filled (approx)
A24: 23 | B24: Star Rating | C24: Average stars. | D24: LIVE Amazon.ca | E24: BLANK - capture
A25: 24 | B25: Number of Ratings | C25: Count of ratings. | D25: LIVE Amazon.ca | E25: BLANK - capture
A26: 25 | B26: Amazon Badge | C26: Choice / Best Seller / Overall Pick. | D26: LIVE Amazon.ca | E26: BLANK - capture
A27: 26 | B27: Bestseller Rank | C27: BSR if shown. | D27: LIVE Amazon.ca | E27: BLANK - capture
... A43: P3 | B43: Row Flag | C43: Flags unverified rows. | D43: Meta | E43: Filled

Sheet M1 - Sparkling Electrolyte
A1: 1. Brand | B1: 2. Product Line / SKU Name | C1: 3. Category | D1: 4. Format & Size | E1: 5. Pack Count | F1: 6. One-Time Price (CAD) | G1: 7. Price / Unit (CAD) | H1: 8. Price / 100 mL (CAD) | I1: 9. S&S Offered (Y/N) | J1: 10. S&S Discount % | K1: 11. S&S Price After Disc. | L1: 12. Coupon on Listing (Y/N + value) | M1: 13. Promotion Text | N1: 14. Lowest Effective Price (stacked) | O1: 15. All Flavours in Listing | P1: 16. Caffeine / Serving (mg) | Q1: 17. Sodium / Serving (mg) | R1: 18. Potassium / Serving (mg) | S1: 19. Sugar / Serving (g) | T1: 20. Calories / Serving | U1: 21. Sweetener Type | V1: 22. Key Functional Claims | W1: 23. Star Rating | X1: 24. Number of Ratings | Y1: 25. Amazon Badge | Z1: 26. Bestseller Rank in Category | AA1: 27a. Est. Weekly Velocity (band) | AB1: 27b. Velocity Signal Used | AC1: 28. Biggest Selling Message | AD1: 29. Why a Shopper Chooses This | AE1: 30. Direct Product URL | AF1: C1. Caffeine /100 mL (mg) | AG1: C2. Sugar /100 mL (g) | AH1: C3. Sodium /100 mL (mg) | AI1: C4. Sugar-Free? (<=1 g) | AJ1: C5. Health Score (0-100) | AK1: C6. Functional Score (0-100) | AL1: H1. Unit Vol (mL) [calc helper] | AM1: H2. Coupon Value (CAD) [calc helper] | AN1: P1. Attribute Provenance | AO1: P2. Commercial-Field Status | AP1: P3. Row Flag
A2: Sparkling Ice | B2: Sparkling Ice (+ Antioxidants & Vitamins) | Black Raspberry | single 503mL | C2: 1) Sparkling electrolyte / functional sparkling | D2: 503 mL bottle | E2: 1 | G2: =IF(AND(ISNUMBER($F2),ISNUMBER($E2),$E2<>0),$F2/$E2,"") | H2: =IF(AND(ISNUMBER($F2),ISNUMBER($AL2),ISNUMBER($E2),($AL2*$E2)<>0),$F2/($AL2*$E2)*100,"") | K2: =IF(AND(ISNUMBER($F2),ISNUMBER($J2)),$F2*(1-$J2),"") | N2: =IF(ISNUMBER($F2),($F2-IF(ISNUMBER($AM2),$AM2,0))*(1-IF(ISNUMBER($J2),$J2,0)),"") | O2: Black Raspberry | P2: 0 | Q2: 25 | R2: Not listed | S2: 0 | T2: 5 | U2: Sucralose | V2: Zero sugar, vitamins A/D/B, antioxidants (green tea), bold flavour | AA2: High | AB2: Mass-market functional sparkling; strong shelf share | AC2: Bold zero-sugar sparkling with added vitamins | AD2: Big flavour and added vitamins at zero sugar. | AF2: =IF(AND(ISNUMBER($P2),ISNUMBER($AL2),$AL2<>0),ROUND($P2/$AL2*100,1),"") | AG2: =IF(AND(ISNUMBER($S2),ISNUMBER($AL2),$AL2<>0),ROUND($S2/$AL2*100,2),"") | AH2: =IF(AND(ISNUMBER($Q2),ISNUMBER($AL2),$AL2<>0),ROUND($Q2/$AL2*100,1),"") | AI2: =IF(ISNUMBER($S2),IF($S2<=1,"Yes","No"),"n/a") | AJ2: =IF(ISNUMBER($S2),ROUND(MAX(0,MIN(100,100-$S2*2.5-IF(ISNUMBER($T2),$T2,0)*0.12+IF($S2<=1,12,0))),0),"") | AK2: =IF(ISNUMBER($Q2),IF($Q2>=100,20,IF($Q2>=30,10,0)),0)+IF(ISNUMBER($R2),IF($R2>=100,20,0),0)+IF(ISNUMBER($P2),IF($P2>=150,20,IF($P2>=50,12,5)),0)+IF(ISNUMBER($S2),IF($S2<=1,15,0),0) | AL2: 503 | AN2: Secondary/approx; NOT verified on Amazon.ca | AO2: BLANK -> requires live Amazon.ca capture | AP2: Unverified commercial data
A3: Sparkling Ice | B3: Sparkling Ice (+ Antioxidants & Vitamins) | Black Raspberry | 8-pack 503mL | C3: 1) Sparkling electrolyte / functional sparkling | D3: 503 mL bottle | E3: 8 | G3: =IF(AND(ISNUMBER($F3),ISNUMBER($E3),$E3<>0),$F3/$E3,"") | H3: =IF(AND(ISNUMBER($F3),ISNUMBER($AL3),ISNUMBER($E3),($AL3*$E3)<>0),$F3/($AL3*$E3)*100,"") | K3: =IF(AND(ISNUMBER($F3),ISNUMBER($J3)),$F3*(1-$J3),"") | N3: =IF(ISNUMBER($F3),($F3-IF(ISNUMBER($AM3),$AM3,0))*(1-IF(ISNUMBER($J3),$J3,0)),"") | O3: Black Raspberry | P3: 0 | Q3: 25 | R3: Not listed | S3: 0 | T3: 5 | U3: Sucralose | V3: Zero sugar, vitamins A/D/B, antioxidants (green tea), bold flavour | AA3: High | AB3: Mass-market functional sparkling; strong shelf share | AC3: Bold zero-sugar sparkling with added vitamins | AD3: Big flavour and added vitamins at zero sugar. | AF3: =IF(AND(ISNUMBER($P3),ISNUMBER($AL3),$AL3<>0),ROUND($P3/$AL3*100,1),"") | AG3: =IF(AND(ISNUMBER($S3),ISNUMBER($AL3),$AL3<>0),ROUND($S3/$AL3*100,2),"") | AH3: =IF(AND(ISNUMBER($Q3),ISNUMBER($AL3),$AL3<>0),ROUND($Q3/$AL3*100,1),"") | AI3: =IF(ISNUMBER($S3),IF($S3<=1,"Yes","No"),"n/a") | AJ3: =IF(ISNUMBER($S3),ROUND(MAX(0,MIN(100,100-$S3*2.5-IF(ISNUMBER($T3),$T3,0)*0.12+IF($S3<=1,12,0))),0),"") | AK3: =IF(ISNUMBER($Q3),IF($Q3>=100,20,IF($Q3>=30,10,0)),0)+IF(ISNUMBER($R3),IF($R3>=100,20,0),0)+IF(ISNUMBER($P3),IF($P3>=150,20,IF($P3>=50,12,5)),0)+IF(ISNUMBER($S3),IF($S3<=1,15,0),0) | AL3: 503 | AN3: Secondary/approx; NOT verified on Amazon.ca | AO3: BLANK -> requires live Amazon.ca capture | AP3: Unverified commercial data
A4: Sparkling Ice | B4: Sparkling Ice (+ Antioxidants & Vitamins) | Black Raspberry | 12-pack 503mL | C4: 1) Sparkling electrolyte / functional sparkling | D4: 503 mL bottle | E4: 12 | G4: =IF(AND(ISNUMBER($F4),ISNUMBER($E4),$E4<>0),$F4/$E4,"") | H4: =IF(AND(ISNUMBER($F4),ISNUMBER($AL4),ISNUMBER($E4),($AL4*$E4)<>0),$F4/($AL4*$E4)*100,"") | K4: =IF(AND(ISNUMBER($F4),ISNUMBER($J4)),$F4*(1-$J4),"") | N4: =IF(ISNUMBER($F4),($F4-IF(ISNUMBER($AM4),$AM4,0))*(1-IF(ISNUMBER($J4),$J4,0)),"") | O4: Black Raspberry | P4: 0 | Q4: 25 | R4: Not listed | S4: 0 | T4: 5 | U4: Sucralose | V4: Zero sugar, vitamins A/D/B, antioxidants (green tea), bold flavour | AA4: High | AB4: Mass-market functional sparkling; strong shelf share | AC4: Bold zero-sugar sparkling with added vitamins | AD4: Big flavour and added vitamins at zero sugar. | AF4: =IF(AND(ISNUMBER($P4),ISNUMBER($AL4),$AL4<>0),ROUND($P4/$AL4*100,1),"") | AG4: =IF(AND(ISNUMBER($S4),ISNUMBER($AL4),$AL4<>0),ROUND($S4/$AL4*100,2),"") | AH4: =IF(AND(ISNUMBER($Q4),ISNUMBER($AL4),$AL4<>0),ROUND($Q4/$AL4*100,1),"") | AI4: =IF(ISNUMBER($S4),IF($S4<=1,"Yes","No"),"n/a") | AJ4: =IF(ISNUMBER($S4),ROUND(MAX(0,MIN(100,100-$S4*2.5-IF(ISNUMBER($T4),$T4,0)*0.12+IF($S4<=1,12,0))),0),"") | AK4: =IF(ISNUMBER($Q4),IF($Q4>=100,20,IF($Q4>=30,10,0)),0)+IF(ISNUMBER($R4),IF($R4>=100,20,0),0)+IF(ISNUMBER($P4),IF($P4>=150,20,IF($P4>=50,12,5)),0)+IF(ISNUMBER($S4),IF($S4<=1,15,0),0) | AL4: 503 | AN4: Secondary/approx; NOT verified on Amazon.ca | AO4: BLANK -> requires live Amazon.ca capture | AP4: Unverified commercial data
A5: Sparkling Ice | B5: Sparkling Ice (+ Antioxidants & Vitamins) | Black Raspberry | 18-pack 503mL | C5: 1) Sparkling electrolyte / functional sparkling | D5: 503 mL bottle | E5: 18 | G5: =IF(AND(ISNUMBER($F5),ISNUMBER($E5),$E5<>0),$F5/$E5,"") | H5: =IF(AND(ISNUMBER($F5),ISNUMBER($AL5),ISNUMBER($E5),($AL5*$E5)<>0),$F5/($AL5*$E5)*100,"") | K5: =IF(AND(ISNUMBER($F5),ISNUMBER($J5)),$F5*(1-$J5),"") | N5: =IF(ISNUMBER($F5),($F5-IF(ISNUMBER($AM5),$AM5,0))*(1-IF(ISNUMBER($J5),$J5,0)),"") | O5: Black Raspberry | P5: 0 | Q5: 25 | R5: Not listed | S5: 0 | T5: 5 | U5: Sucralose | V5: Zero sugar, vitamins A/D/B, antioxidants (green tea), bold flavour | AA5: High | AB5: Mass-market functional sparkling; strong shelf share | AC5: Bold zero-sugar sparkling with added vitamins | AD5: Big flavour and added vitamins at zero sugar. | AF5: =IF(AND(ISNUMBER($P5),ISNUMBER($AL5),$AL5<>0),ROUND($P5/$AL5*100,1),"") | AG5: =IF(AND(ISNUMBER($S5),ISNUMBER($AL5),$AL5<>0),ROUND($S5/$AL5*100,2),"") | AH5: =IF(AND(ISNUMBER($Q5),ISNUMBER($AL5),$AL5<>0),ROUND($Q5/$AL5*100,1),"") | AI5: =IF(ISNUMBER($S5),IF($S5<=1,"Yes","No"),"n/a") | AJ5: =IF(ISNUMBER($S5),ROUND(MAX(0,MIN(100,100-$S5*2.5-IF(ISNUMBER($T5),$T5,0)*0.12+IF($S5<=1,12,0))),0),"") | AK5: =IF(ISNUMBER($Q5),IF($Q5>=100,20,IF($Q5>=30,10,0)),0)+IF(ISNUMBER($R5),IF($R5>=100,20,0),0)+IF(ISNUMBER($P5),IF($P5>=150,20,IF($P5>=50,12,5)),0)+IF(ISNUMBER($S5),IF($S5<=1,15,0),0) | AL5: 503 | AN5: Secondary/approx; NOT verified on Amazon.ca | AO5: BLANK -> requires live Amazon.ca capture | AP5: Unverified commercial data
A6: Sparkling Ice | B6: Sparkling Ice (+ Antioxidants & Vitamins) | Black Raspberry | 24-pack 503mL | C6: 1) Sparkling electrolyte / functional sparkling | D6: 503 mL bottle | E6: 24 | G6: =IF(AND(ISNUMBER($F6),ISNUMBER($E6),$E6<>0),$F6/$E6,"") | H6: =IF(AND(ISNUMBER($F6),ISNUMBER($AL6),ISNUMBER($E6),($AL6*$E6)<>0),$F6/($AL6*$E6)*100,"") | K6: =IF(AND(ISNUMBER($F6),ISNUMBER($J6)),$F6*(1-$J6),"") | N6: =IF(ISNUMBER($F6),($F6-IF(ISNUMBER($AM6),$AM6,0))*(1-IF(ISNUMBER($J6),$J6,0)),"") | O6: Black Raspberry | P6: 0 | Q6: 25 | R6: Not listed | S6: 0 | T6: 5 | U6: Sucralose | V6: Zero sugar, vitamins A/D/B, antioxidants (green tea), bold flavour | AA6: High | AB6: Mass-market functional sparkling; strong shelf share | AC6: Bold zero-sugar sparkling with added vitamins | AD6: Big flavour and added vitamins at zero sugar. | AF6: =IF(AND(ISNUMBER($P6),ISNUMBER($AL6),$AL6<>0),ROUND($P6/$AL6*100,1),"") | AG6: =IF(AND(ISNUMBER($S6),ISNUMBER($AL6),$AL6<>0),ROUND($S6/$AL6*100,2),"") | AH6: =IF(AND(ISNUMBER($Q6),ISNUMBER($AL6),$AL6<>0),ROUND($Q6/$AL6*100,1),"") | AI6: =IF(ISNUMBER($S6),IF($S6<=1,"Yes","No"),"n/a") | AJ6: =IF(ISNUMBER($S6),ROUND(MAX(0,MIN(100,100-$S6*2.5-IF(ISNUMBER($T6),$T6,0)*0.12+IF($S6<=1,12,0))),0),"") | AK6: =IF(ISNUMBER($Q6),IF($Q6>=100,20,IF($Q6>=30,10,0)),0)+IF(ISNUMBER($R6),IF($R6>=100,20,0),0)+IF(ISNUMBER($P6),IF($P6>=150,20,IF($P6>=50,12,5)),0)+IF(ISNUMBER($S6),IF($S6<=1,15,0),0) | AL6: 503 | AN6: Secondary/approx; NOT verified on Amazon.ca | AO6: BLANK -> requires live Amazon.ca capture | AP6: Unverified commercial data
A7: Sparkling Ice | B7: Sparkling Ice (+ Antioxidants & Vitamins) | Cherry Limeade | single 503mL | C7: 1) Sparkling electrolyte / functional sparkling | D7: 503 mL bottle | E7: 1 | G7: =IF(AND(ISNUMBER($F7),ISNUMBER($E7),$E7<>0),$F7/$E7,"") | H7: =IF(AND(ISNUMBER($F7),ISNUMBER($AL7),ISNUMBER($E7),($AL7*$E7)<>0),$F7/($AL7*$E7)*100,"") | K7: =IF(AND(ISNUMBER($F7),ISNUMBER($J7)),$F7*(1-$J7),"") | N7: =IF(ISNUMBER($F7),($F7-IF(ISNUMBER($AM7),$AM7,0))*(1-IF(ISNUMBER($J7),$J7,0)),"") | O7: Cherry Limeade | P7: 0 | Q7: 25 | R7: Not listed | S7: 0 | T7: 5 | U7: Sucralose | V7: Zero sugar, vitamins A/D/B, antioxidants (green tea), bold flavour | AA7: High | AB7: Mass-market functional sparkling; strong shelf share | AC7: Bold zero-sugar sparkling with added vitamins | AD7: Big flavour and added vitamins at zero sugar. | AF7: =IF(AND(ISNUMBER($P7),ISNUMBER($AL7),$AL7<>0),ROUND($P7/$AL7*100,1),"") | AG7: =IF(AND(ISNUMBER($S7),ISNUMBER($AL7),$AL7<>0),ROUND($S7/$AL7*100,2),"") | AH7: =IF(AND(ISNUMBER($Q7),ISNUMBER($AL7),$AL7<>0),ROUND($Q7/$AL7*100,1),"") | AI7: =IF(ISNUMBER($S7),IF($S7<=1,"Yes","No"),"n/a") | AJ7: =IF(ISNUMBER($S7),ROUND(MAX(0,MIN(100,100-$S7*2.5-IF(ISNUMBER($T7),$T7,0)*0.12+IF($S7<=1,12,0))),0),"") | AK7: =IF(ISNUMBER($Q7),IF($Q7>=100,20,IF($Q7>=30,10,0)),0)+IF(ISNUMBER($R7),IF($R7>=100,20,0),0)+IF(ISNUMBER($P7),IF($P7>=150,20,IF($P7>=50,12,5)),0)+IF(ISNUMBER($S7),IF($S7<=1,15,0),0) | AL7: 503 | AN7: Secondary/approx; NOT verified on Amazon.ca | AO7: BLANK -> requires live Amazon.ca capture | AP7: Unverified commercial data
A8: Sparkling Ice | B8: Sparkling Ice (+ Antioxidants & Vitamins) | Cherry Limeade | 8-pack 503mL | C8: 1) Sparkling electrolyte / functional sparkling | D8: 503 mL bottle | E8: 8 | G8: =IF(AND(ISNUMBER($F8),ISNUMBER($E8),$E8<>0),$F8/$E8,"") | H8: =IF(AND(ISNUMBER($F8),ISNUMBER($AL8),ISNUMBER($E8),($AL8*$E8)<>0),$F8/($AL8*$E8)*100,"") | K8: =IF(AND(ISNUMBER($F8),ISNUMBER($J8)),$F8*(1-$J8),"") | N8: =IF(ISNUMBER($F8),($F8-IF(ISNUMBER($AM8),$AM8,0))*(1-IF(ISNUMBER($J8),$J8,0)),"") | O8: Cherry Limeade | P8: 0 | Q8: 25 | R8: Not listed | S8: 0 | T8: 5 | U8: Sucralose | V8: Zero sugar, vitamins A/D/B, antioxidants (green tea), bold flavour | AA8: High | AB8: Mass-market functional sparkling; strong shelf share | AC8: Bold zero-sugar sparkling with added vitamins | AD8: Big flavour and added vitamins at zero sugar. | AF8: =IF(AND(ISNUMBER($P8),ISNUMBER($AL8),$AL8<>0),ROUND($P8/$AL8*100,1),"") | AG8: =IF(AND(ISNUMBER($S8),ISNUMBER($AL8),$AL8<>0),ROUND($S8/$AL8*100,2),"") | AH8: =IF(AND(ISNUMBER($Q8),ISNUMBER($AL8),$AL8<>0),ROUND($Q8/$AL8*100,1),"") | AI8: =IF(ISNUMBER($S8),IF($S8<=1,"Yes","No"),"n/a") | AJ8: =IF(ISNUMBER($S8),ROUND(MAX(0,MIN(100,100-$S8*2.5-IF(ISNUMBER($T8),$T8,0)*0.12+IF($S8<=1,12,0))),0),"") | AK8: =IF(ISNUMBER($Q8),IF($Q8>=100,20,IF($Q8>=30,10,0)),0)+IF(ISNUMBER($R8),IF($R8>=100,20,0),0)+IF(ISNUMBER($P8),IF($P8>=150,20,IF($P8>=50,12,5)),0)+IF(ISNUMBER($S8),IF($S8<=1,15,0),0) | AL8: 503 | AN8: Secondary/approx; NOT verified on Amazon.ca | AO8: BLANK -> requires live Amazon.ca capture | AP8: Unverified commercial data
A9: Sparkling Ice | B9: Sparkling Ice (+ Antioxidants & Vitamins) | Cherry Limeade | 12-pack 503mL | C9: 1) Sparkling electrolyte / functional sparkling | D9: 503 mL bottle | E9: 12 | G9: =IF(AND(ISNUMBER($F9),ISNUMBER($E9),$E9<>0),$F9/$E9,"") | H9: =IF(AND(ISNUMBER($F9),ISNUMBER($AL9),ISNUMBER($E9),($AL9*$E9)<>0),$F9/($AL9*$E9)*100,"") | K9: =IF(AND(ISNUMBER($F9),ISNUMBER($J9)),$F9*(1-$J9),"") | N9: =IF(ISNUMBER($F9),($F9-IF(ISNUMBER($AM9),$AM9,0))*(1-IF(ISNUMBER($J9),$J9,0)),"") | O9: Cherry Limeade | P9: 0 | Q9: 25 | R9: Not listed | S9: 0 | T9: 5 | U9: Sucralose | V9: Zero sugar, vitamins A/D/B, antioxidants (green tea), bold flavour | AA9: High | AB9: Mass-market functional sparkling; strong shelf share | AC9: Bold zero-sugar sparkling with added vitamins | AD9: Big flavour and added vitamins at zero sugar. | AF9: =IF(AND(ISNUMBER($P9),ISNUMBER($AL9),$AL9<>0),ROUND($P9/$AL9*100,1),"") | AG9: =IF(AND(ISNUMBER($S9),ISNUMBER($AL9),$AL9<>0),ROUND($S9/$AL9*100,2),"") | AH9: =IF(AND(ISNUMBER($Q9),ISNUMBER($AL9),$AL9<>0),ROUND($Q9/$AL9*100,1),"") | AI9: =IF(ISNUMBER($S9),IF($S9<=1,"Yes","No"),"n/a") | AJ9: =IF(ISNUMBER($S9),ROUND(MAX(0,MIN(100,100-$S9*2.5-IF(ISNUMBER($T9),$T9,0)*0.12+IF($S9<=1,12,0))),0),"") | AK9: =IF(ISNUMBER($Q9),IF($Q9>=100,20,IF($Q9>=30,10,0)),0)+IF(ISNUMBER($R9),IF($R9>=100,20,0),0)+IF(ISNUMBER($P9),IF($P9>=150,20,IF($P9>=50,12,5)),0)+IF(ISNUMBER($S9),IF($S9<=1,15,0),0) | AL9: 503 | AN9: Secondary/approx; NOT verified on Amazon.ca | AO9: BLANK -> requires live Amazon.ca capture | AP9: Unverified commercial data
A10: Sparkling Ice | B10: Sparkling Ice (+ Antioxidants & Vitamins) | Cherry Limeade | 18-pack 503mL | C10: 1) Sparkling electrolyte / functional sparkling | D10: 503 mL bottle | E10: 18 | G10: =IF(AND(ISNUMBER($F10),ISNUMBER($E10),$E10<>0),$F10/$E10,"") | H10: =IF(AND(ISNUMBER($F10),ISNUMBER($AL10),ISNUMBER($E10),($AL10*$E10)<>0),$F10/($AL10*$E10)*100,"") | K10: =IF(AND(ISNUMBER($F10),ISNUMBER($J10)),$F10*(1-$J10),"") | N10: =IF(ISNUMBER($F10),($F10-IF(ISNUMBER($AM10),$AM10,0))*(1-IF(ISNUMBER($J10),$J10,0)),"") | O10: Cherry Limeade | P10: 0 | Q10: 25 | R10: Not listed | S10: 0 | T10: 5 | U10: Sucralose | V10: Zero sugar, vitamins A/D/B, antioxidants (green tea), bold flavour | AA10: High | AB10: Mass-market functional sparkling; strong shelf share | AC10: Bold zero-sugar sparkling with added vitamins | AD10: Big flavour and added vitamins at zero sugar. | AF10: =IF(AND(ISNUMBER($P10),ISNUMBER($AL10),$AL10<>0),ROUND($P10/$AL10*100,1),"") | AG10: =IF(AND(ISNUMBER($S10),ISNUMBER($AL10),$AL10<>0),ROUND($S10/$AL10*100,2),"") | AH10: =IF(AND(ISNUMBER($Q10),ISNUMBER($AL10),$AL10<>0),ROUND($Q10/$AL10*100,1),"") | AI10: =IF(ISNUMBER($S10),IF($S10<=1,"Yes","No"),"n/a") | AJ10: =IF(ISNUMBER($S10),ROUND(MAX(0,MIN(100,100-$S10*2.5-IF(ISNUMBER($T10),$T10,0)*0.12+IF($S10<=1,12,0))),0),"") | AK10: =IF(ISNUMBER($Q10),IF($Q10>=100,20,IF($Q10>=30,10,0)),0)+IF(ISNUMBER($R10),IF($R10>=100,20,0),0)+IF(ISNUMBER($P10),IF($P10>=150,20,IF($P10>=50,12,5)),0)+IF(ISNUMBER($S10),IF($S10<=1,15,0),0) | AL10: 503 | AN10: Secondary/approx; NOT verified on Amazon.ca | AO10: BLANK -> requires live Amazon.ca capture | AP10: Unverified commercial data
A11: Sparkling Ice | B11: Sparkling Ice (+ Antioxidants & Vitamins) | Cherry Limeade | 24-pack 503mL | C11: 1) Sparkling electrolyte / functional sparkling | D11: 503 mL bottle | E11: 24 | G11: =IF(AND(ISNUMBER($F11),ISNUMBER($E11),$E11<>0),$F11/$E11,"") | H11: =IF(AND(ISNUMBER($F11),ISNUMBER($AL11),ISNUMBER($E11),($AL11*$E11)<>0),$F11/($AL11*$E11)*100,"") | K11: =IF(AND(ISNUMBER($F11),ISNUMBER($J11)),$F11*(1-$J11),"") | N11: =IF(ISNUMBER($F11),($F11-IF(ISNUMBER($AM11),$AM11,0))*(1-IF(ISNUMBER($J11),$J11,0)),"") | O11: Cherry Limeade | P11: 0 | Q11: 25 | R11: Not listed | S11: 0 | T11: 5 | U11: Sucralose | V11: Zero sugar, vitamins A/D/B, antioxidants (green tea), bold flavour | AA11: High | AB11: Mass-market functional sparkling; strong shelf share | AC11: Bold zero-sugar sparkling with added vitamins | AD11: Big flavour and added vitamins at zero sugar. | AF11: =IF(AND(ISNUMBER($P11),ISNUMBER($AL11),$AL11<>0),ROUND($P11/$AL11*100,1),"") | AG11: =IF(AND(ISNUMBER($S11),ISNUMBER($AL11),$AL11<>0),ROUND($S11/$AL11*100,2),"") | AH11: =IF(AND(ISNUMBER($Q11),ISNUMBER($AL11),$AL11<>0),ROUND($Q11/$AL11*100,1),"") | AI11: =IF(ISNUMBER($S11),IF($S11<=1,"Yes","No"),"n/a") | AJ11: =IF(ISNUMBER($S11),ROUND(MAX(0,MIN(100,100-$S11*2.5-IF(ISNUMBER($T11),$T11,0)*0.12+IF($S11<=1,12,0))),0),"") | AK11: =IF(ISNUMBER($Q11),IF($Q11>=100,20,IF($Q11>=30,10,0)),0)+IF(ISNUMBER($R11),IF($R11>=100,20,0),0)+IF(ISNUMBER($P11),IF($P11>=150,20,IF($P11>=50,12,5)),0)+IF(ISNUMBER($S11),IF($S11<=1,15,0),0) | AL11: 503 | AN11: Secondary/approx; NOT verified on Amazon.ca | AO11: BLANK -> requires live Amazon.ca capture | AP11: Unverified commercial data
A12: Sparkling Ice | B12: Sparkling Ice (+ Antioxidants & Vitamins) | Orange Mango | single 503mL | C12: 1) Sparkling electrolyte / functional sparkling | D12: 503 mL bottle | E12: 1 | G12: =IF(AND(ISNUMBER($F12),ISNUMBER($E12),$E12<>0),$F12/$E12,"") | H12: =IF(AND(ISNUMBER($F12),ISNUMBER($AL12),ISNUMBER($E12),($AL12*$E12)<>0),$F12/($AL12*$E12)*100,"") | K12: =IF(AND(ISNUMBER($F12),ISNUMBER($J12)),$F12*(1-$J12),"") | N12: =IF(ISNUMBER($F12),($F12-IF(ISNUMBER($AM12),$AM12,0))*(1-IF(ISNUMBER($J12),$J12,0)),"") | O12: Orange Mango | P12: 0 | Q12: 25 | R12: Not listed | S12: 0 | T12: 5 | U12: Sucralose | V12: Zero sugar, vitamins A/D/B, antioxidants (green tea), bold flavour | AA12: High | AB12: Mass-market functional sparkling; strong shelf share | AC12: Bold zero-sugar sparkling with added vitamins | AD12: Big flavour and added vitamins at zero sugar. | AF12: =IF(AND(ISNUMBER($P12),ISNUMBER($AL12),$AL12<>0),ROUND($P12/$AL12*100,1),"") | AG12: =IF(AND(ISNUMBER($S12),ISNUMBER($AL12),$AL12<>0),ROUND($S12/$AL12*100,2),"") | AH12: =IF(AND(ISNUMBER($Q12),ISNUMBER($AL12),$AL12<>0),ROUND($Q12/$AL12*100,1),"") | AI12: =IF(ISNUMBER($S12),IF($S12<=1,"Yes","No"),"n/a") | AJ12: =IF(ISNUMBER($S12),ROUND(MAX(0,MIN(100,100-$S12*2.5-IF(ISNUMBER($T12),$T12,0)*0.12+IF($S12<=1,12,0))),0),"") | AK12: =IF(ISNUMBER($Q12),IF($Q12>=100,20,IF($Q12>=30,10,0)),0)+IF(ISNUMBER($R12),IF($R12>=100,20,0),0)+IF(ISNUMBER($P12),IF($P12>=150,20,IF($P12>=50,12,5)),0)+IF(ISNUMBER($S12),IF($S12<=1,15,0),0) | AL12: 503 | AN12: Secondary/approx; NOT verified on Amazon.ca | AO12: BLANK -> requires live Amazon.ca capture | AP12: Unverified commercial data
A13: Sparkling Ice | B13: Sparkling Ice (+ Antioxidants & Vitamins) | Orange Mango | 8-pack 503mL | C13: 1) Sparkling electrolyte / functional sparkling | D13: 503 mL bottle | E13: 8 | G13: =IF(AND(ISNUMBER($F13),ISNUMBER($E13),$E13<>0),$F13/$E13,"") | H13: =IF(AND(ISNUMBER($F13),ISNUMBER($AL13),ISNUMBER($E13),($AL13*$E13)<>0),$F13/($AL13*$E13)*100,"") | K13: =IF(AND(ISNUMBER($F13),ISNUMBER($J13)),$F13*(1-$J13),"") | N13: =IF(ISNUMBER($F13),($F13-IF(ISNUMBER($AM13),$AM13,0))*(1-IF(ISNUMBER($J13),$J13,0)),"") | O13: Orange Mango | P13: 0 | Q13: 25 | R13: Not listed | S13: 0 | T13: 5 | U13: Sucralose | V13: Zero sugar, vitamins A/D/B, antioxidants (green tea), bold flavour | AA13: High | AB13: Mass-market functional sparkling; strong shelf share | AC13: Bold zero-sugar sparkling with added vitamins | AD13: Big flavour and added vitamins at zero sugar. | AF13: =IF(AND(ISNUMBER($P13),ISNUMBER($AL13),$AL13<>0),ROUND($P13/$AL13*100,1),"") | AG13: =IF(AND(ISNUMBER($S13),ISNUMBER($AL13),$AL13<>0),ROUND($S13/$AL13*100,2),"") | AH13: =IF(AND(ISNUMBER($Q13),ISNUMBER($AL13),$AL13<>0),ROUND($Q13/$AL13*100,1),"") | AI13: =IF(ISNUMBER($S13),IF($S13<=1,"Yes","No"),"n/a") | AJ13: =IF(ISNUMBER($S13),ROUND(MAX(0,MIN(100,100-$S13*2.5-IF(ISNUMBER($T13),$T13,0)*0.12+IF($S13<=1,12,0))),0),"") | AK13: =IF(ISNUMBER($Q13),IF($Q13>=100,20,IF($Q13>=30,10,0)),0)+IF(ISNUMBER($R13),IF($R13>=100,20,0),0)+IF(ISNUMBER($P13),IF($P13>=150,20,IF($P13>=50,12,5)),0)+IF(ISNUMBER($S13),IF($S13<=1,15,0),0) | AL13: 503 | AN13: Secondary/approx; NOT verified on Amazon.ca | AO13: BLANK -> requires live Amazon.ca capture | AP13: Unverified commercial data
... A146: Sound | B146: Sound Sparkling Water (Tea/Botanical) | Cucumber + Mint Green Tea | 24-pack 355mL | C146: 1) Sparkling electrolyte / functional sparkling | D146: 355 mL can | E146: 24 | G146: =IF(AND(ISNUMBER($F146),ISNUMBER($E146),$E146<>0),$F146/$E146,"") | H146: =IF(AND(ISNUMBER($F146),ISNUMBER($AL146),ISNUMBER($E146),($AL146*$E146)<>0),$F146/($AL146*$E146)*100,"") | K146: =IF(AND(ISNUMBER($F146),ISNUMBER($J146)),$F146*(1-$J146),"") | N146: =IF(ISNUMBER($F146),($F146-IF(ISNUMBER($AM146),$AM146,0))*(1-IF(ISNUMBER($J146),$J146,0)),"") | O146: Cucumber + Mint Green Tea | P146: 15 | Q146: 0 | R146: Not listed | S146: 0 | T146: 0 | U146: None (unsweetened) | V146: Real brewed tea/botanicals, unsweetened, zero sugar/calorie | AA146: Low | AB146: Emerging unsweetened-botanical niche | AC146: Unsweetened sparkling brewed tea and botanicals | AD146: Genuinely unsweetened with real tea/botanical character. | AF146: =IF(AND(ISNUMBER($P146),ISNUMBER($AL146),$AL146<>0),ROUND($P146/$AL146*100,1),"") | AG146: =IF(AND(ISNUMBER($S146),ISNUMBER($AL146),$AL146<>0),ROUND($S146/$AL146*100,2),"") | AH146: =IF(AND(ISNUMBER($Q146),ISNUMBER($AL146),$AL146<>0),ROUND($Q146/$AL146*100,1),"") | AI146: =IF(ISNUMBER($S146),IF($S146<=1,"Yes","No"),"n/a") | AJ146: =IF(ISNUMBER($S146),ROUND(MAX(0,MIN(100,100-$S146*2.5-IF(ISNUMBER($T146),$T146,0)*0.12+IF($S146<=1,12,0))),0),"") | AK146: =IF(ISNUMBER($Q146),IF($Q146>=100,20,IF($Q146>=30,10,0)),0)+IF(ISNUMBER($R146),IF($R146>=100,20,0),0)+IF(ISNUMBER($P146),IF($P146>=150,20,IF($P146>=50,12,5)),0)+IF(ISNUMBER($S146),IF($S146<=1,15,0),0) | AL146: 355 | AN146: Secondary/approx; NOT verified on Amazon.ca | AO146: BLANK -> requires live Amazon.ca capture | AP146: Unverified commercial data
A147: Halo Sport | B147: Halo Sport Sparkling Electrolyte Water | Lemon Lime | single 355mL | C147: 1) Sparkling electrolyte / functional sparkling | D147: 355 mL can | E147: 1 | G147: =IF(AND(ISNUMBER($F147),ISNUMBER($E147),$E147<>0),$F147/$E147,"") | H147: =IF(AND(ISNUMBER($F147),ISNUMBER($AL147),ISNUMBER($E147),($AL147*$E147)<>0),$F147/($AL147*$E147)*100,"") | K147: =IF(AND(ISNUMBER($F147),ISNUMBER($J147)),$F147*(1-$J147),"") | N147: =IF(ISNUMBER($F147),($F147-IF(ISNUMBER($AM147),$AM147,0))*(1-IF(ISNUMBER($J147),$J147,0)),"") | O147: Lemon Lime | P147: 0 | Q147: 110 | R147: 40 | S147: 0 | T147: 5 | U147: Stevia | V147: Sparkling electrolytes, zero sugar, light hydration | AA147: Low | AB147: Small emerging sparkling-electrolyte entrant | AC147: Sparkling, lightly-mineralled hydration | AD147: Electrolytes in a fizzy, zero-sugar format. | AF147: =IF(AND(ISNUMBER($P147),ISNUMBER($AL147),$AL147<>0),ROUND($P147/$AL147*100,1),"") | AG147: =IF(AND(ISNUMBER($S147),ISNUMBER($AL147),$AL147<>0),ROUND($S147/$AL147*100,2),"") | AH147: =IF(AND(ISNUMBER($Q147),ISNUMBER($AL147),$AL147<>0),ROUND($Q147/$AL147*100,1),"") | AI147: =IF(ISNUMBER($S147),IF($S147<=1,"Yes","No"),"n/a") | AJ147: =IF(ISNUMBER($S147),ROUND(MAX(0,MIN(100,100-$S147*2.5-IF(ISNUMBER($T147),$T147,0)*0.12+IF($S147<=1,12,0))),0),"") | AK147: =IF(ISNUMBER($Q147),IF($Q147>=100,20,IF($Q147>=30,10,0)),0)+IF(ISNUMBER($R147),IF($R147>=100,20,0),0)+IF(ISNUMBER($P147),IF($P147>=150,20,IF($P147>=50,12,5)),0)+IF(ISNUMBER($S147),IF($S147<=1,15,0),0) | AL147: 355 | AN147: Secondary/approx; NOT verified on Amazon.ca | AO147: BLANK -> requires live Amazon.ca capture | AP147: Unverified commercial data
A148: Halo Sport | B148: Halo Sport Sparkling Electrolyte Water | Lemon Lime | 8-pack 355mL | C148: 1) Sparkling electrolyte / functional sparkling | D148: 355 mL can | E148: 8 | G148: =IF(AND(ISNUMBER($F148),ISNUMBER($E148),$E148<>0),$F148/$E148,"") | H148: =IF(AND(ISNUMBER($F148),ISNUMBER($AL148),ISNUMBER($E148),($AL148*$E148)<>0),$F148/($AL148*$E148)*100,"") | K148: =IF(AND(ISNUMBER($F148),ISNUMBER($J148)),$F148*(1-$J148),"") | N148: =IF(ISNUMBER($F148),($F148-IF(ISNUMBER($AM148),$AM148,0))*(1-IF(ISNUMBER($J148),$J148,0)),"") | O148: Lemon Lime | P148: 0 | Q148: 110 | R148: 40 | S148: 0 | T148: 5 | U148: Stevia | V148: Sparkling electrolytes, zero sugar, light hydration | AA148: Low | AB148: Small emerging sparkling-electrolyte entrant | AC148: Sparkling, lightly-mineralled hydration | AD148: Electrolytes in a fizzy, zero-sugar format. | AF148: =IF(AND(ISNUMBER($P148),ISNUMBER($AL148),$AL148<>0),ROUND($P148/$AL148*100,1),"") | AG148: =IF(AND(ISNUMBER($S148),ISNUMBER($AL148),$AL148<>0),ROUND($S148/$AL148*100,2),"") | AH148: =IF(AND(ISNUMBER($Q148),ISNUMBER($AL148),$AL148<>0),ROUND($Q148/$AL148*100,1),"") | AI148: =IF(ISNUMBER($S148),IF($S148<=1,"Yes","No"),"n/a") | AJ148: =IF(ISNUMBER($S148),ROUND(MAX(0,MIN(100,100-$S148*2.5-IF(ISNUMBER($T148),$T148,0)*0.12+IF($S148<=1,12,0))),0),"") | AK148: =IF(ISNUMBER($Q148),IF($Q148>=100,20,IF($Q148>=30,10,0)),0)+IF(ISNUMBER($R148),IF($R148>=100,20,0),0)+IF(ISNUMBER($P148),IF($P148>=150,20,IF($P148>=50,12,5)),0)+IF(ISNUMBER($S148),IF($S148<=1,15,0),0) | AL148: 355 | AN148: Secondary/approx; NOT verified on Amazon.ca | AO148: BLANK -> requires live Amazon.ca capture | AP148: Unverified commercial data
A149: Halo Sport | B149: Halo Sport Sparkling Electrolyte Water | Lemon Lime | 12-pack 355mL | C149: 1) Sparkling electrolyte / functional sparkling | D149: 355 mL can | E149: 12 | G149: =IF(AND(ISNUMBER($F149),ISNUMBER($E149),$E149<>0),$F149/$E149,"") | H149: =IF(AND(ISNUMBER($F149),ISNUMBER($AL149),ISNUMBER($E149),($AL149*$E149)<>0),$F149/($AL149*$E149)*100,"") | K149: =IF(AND(ISNUMBER($F149),ISNUMBER($J149)),$F149*(1-$J149),"") | N149: =IF(ISNUMBER($F149),($F149-IF(ISNUMBER($AM149),$AM149,0))*(1-IF(ISNUMBER($J149),$J149,0)),"") | O149: Lemon Lime | P149: 0 | Q149: 110 | R149: 40 | S149: 0 | T149: 5 | U149: Stevia | V149: Sparkling electrolytes, zero sugar, light hydration | AA149: Low | AB149: Small emerging sparkling-electrolyte entrant | AC149: Sparkling, lightly-mineralled hydration | AD149: Electrolytes in a fizzy, zero-sugar format. | AF149: =IF(AND(ISNUMBER($P149),ISNUMBER($AL149),$AL149<>0),ROUND($P149/$AL149*100,1),"") | AG149: =IF(AND(ISNUMBER($S149),ISNUMBER($AL149),$AL149<>0),ROUND($S149/$AL149*100,2),"") | AH149: =IF(AND(ISNUMBER($Q149),ISNUMBER($AL149),$AL149<>0),ROUND($Q149/$AL149*100,1),"") | AI149: =IF(ISNUMBER($S149),IF($S149<=1,"Yes","No"),"n/a") | AJ149: =IF(ISNUMBER($S149),ROUND(MAX(0,MIN(100,100-$S149*2.5-IF(ISNUMBER($T149),$T149,0)*0.12+IF($S149<=1,12,0))),0),"") | AK149: =IF(ISNUMBER($Q149),IF($Q149>=100,20,IF($Q149>=30,10,0)),0)+IF(ISNUMBER($R149),IF($R149>=100,20,0),0)+IF(ISNUMBER($P149),IF($P149>=150,20,IF($P149>=50,12,5)),0)+IF(ISNUMBER($S149),IF($S149<=1,15,0),0) | AL149: 355 | AN149: Secondary/approx; NOT verified on Amazon.ca | AO149: BLANK -> requires live Amazon.ca capture | AP149: Unverified commercial data
A150: Halo Sport | B150: Halo Sport Sparkling Electrolyte Water | Lemon Lime | 15-pack 355mL | C150: 1) Sparkling electrolyte / functional sparkling | D150: 355 mL can | E150: 15 | G150: =IF(AND(ISNUMBER($F150),ISNUMBER($E150),$E150<>0),$F150/$E150,"") | H150: =IF(AND(ISNUMBER($F150),ISNUMBER($AL150),ISNUMBER($E150),($AL150*$E150)<>0),$F150/($AL150*$E150)*100,"") | K150: =IF(AND(ISNUMBER($F150),ISNUMBER($J150)),$F150*(1-$J150),"") | N150: =IF(ISNUMBER($F150),($F150-IF(ISNUMBER($AM150),$AM150,0))*(1-IF(ISNUMBER($J150),$J150,0)),"") | O150: Lemon Lime | P150: 0 | Q150: 110 | R150: 40 | S150: 0 | T150: 5 | U150: Stevia | V150: Sparkling electrolytes, zero sugar, light hydration | AA150: Low | AB150: Small emerging sparkling-electrolyte entrant | AC150: Sparkling, lightly-mineralled hydration | AD150: Electrolytes in a fizzy, zero-sugar format. | AF150: =IF(AND(ISNUMBER($P150),ISNUMBER($AL150),$AL150<>0),ROUND($P150/$AL150*100,1),"") | AG150: =IF(AND(ISNUMBER($S150),ISNUMBER($AL150),$AL150<>0),ROUND($S150/$AL150*100,2),"") | AH150: =IF(AND(ISNUMBER($Q150),ISNUMBER($AL150),$AL150<>0),ROUND($Q150/$AL150*100,1),"") | AI150: =IF(ISNUMBER($S150),IF($S150<=1,"Yes","No"),"n/a") | AJ150: =IF(ISNUMBER($S150),ROUND(MAX(0,MIN(100,100-$S150*2.5-IF(ISNUMBER($T150),$T150,0)*0.12+IF($S150<=1,12,0))),0),"") | AK150: =IF(ISNUMBER($Q150),IF($Q150>=100,20,IF($Q150>=30,10,0)),0)+IF(ISNUMBER($R150),IF($R150>=100,20,0),0)+IF(ISNUMBER($P150),IF($P150>=150,20,IF($P150>=50,12,5)),0)+IF(ISNUMBER($S150),IF($S150<=1,15,0),0) | AL150: 355 | AN150: Secondary/approx; NOT verified on Amazon.ca | AO150: BLANK -> requires live Amazon.ca capture | AP150: Unverified commercial data
A151: Halo Sport | B151: Halo Sport Sparkling Electrolyte Water | Lemon Lime | 18-pack 355mL | C151: 1) Sparkling electrolyte / functional sparkling | D151: 355 mL can | E151: 18 | G151: =IF(AND(ISNUMBER($F151),ISNUMBER($E151),$E151<>0),$F151/$E151,"") | H151: =IF(AND(ISNUMBER($F151),ISNUMBER($AL151),ISNUMBER($E151),($AL151*$E151)<>0),$F151/($AL151*$E151)*100,"") | K151: =IF(AND(ISNUMBER($F151),ISNUMBER($J151)),$F151*(1-$J151),"") | N151: =IF(ISNUMBER($F151),($F151-IF(ISNUMBER($AM151),$AM151,0))*(1-IF(ISNUMBER($J151),$J151,0)),"") | O151: Lemon Lime | P151: 0 | Q151: 110 | R151: 40 | S151: 0 | T151: 5 | U151: Stevia | V151: Sparkling electrolytes, zero sugar, light hydration | AA151: Low | AB151: Small emerging sparkling-electrolyte entrant | AC151: Sparkling, lightly-mineralled hydration | AD151: Electrolytes in a fizzy, zero-sugar format. | AF151: =IF(AND(ISNUMBER($P151),ISNUMBER($AL151),$AL151<>0),ROUND($P151/$AL151*100,1),"") | AG151: =IF(AND(ISNUMBER($S151),ISNUMBER($AL151),$AL151<>0),ROUND($S151/$AL151*100,2),"") | AH151: =IF(AND(ISNUMBER($Q151),ISNUMBER($AL151),$AL151<>0),ROUND($Q151/$AL151*100,1),"") | AI151: =IF(ISNUMBER($S151),IF($S151<=1,"Yes","No"),"n/a") | AJ151: =IF(ISNUMBER($S151),ROUND(MAX(0,MIN(100,100-$S151*2.5-IF(ISNUMBER($T151),$T151,0)*0.12+IF($S151<=1,12,0))),0),"") | AK151: =IF(ISNUMBER($Q151),IF($Q151>=100,20,IF($Q151>=30,10,0)),0)+IF(ISNUMBER($R151),IF($R151>=100,20,0),0)+IF(ISNUMBER($P151),IF($P151>=150,20,IF($P151>=50,12,5)),0)+IF(ISNUMBER($S151),IF($S151<=1,15,0),0) | AL151: 355 | AN151: Secondary/approx; NOT verified on Amazon.ca | AO151: BLANK -> requires live Amazon.ca capture | AP151: Unverified commercial data
A152: Halo Sport | B152: Halo Sport Sparkling Electrolyte Water | Lemon Lime | 24-pack 355mL | C152: 1) Sparkling electrolyte / functional sparkling | D152: 355 mL can | E152: 24 | G152: =IF(AND(ISNUMBER($F152),ISNUMBER($E152),$E152<>0),$F152/$E152,"") | H152: =IF(AND(ISNUMBER($F152),ISNUMBER($AL152),ISNUMBER($E152),($AL152*$E152)<>0),$F152/($AL152*$E152)*100,"") | K152: =IF(AND(ISNUMBER($F152),ISNUMBER($J152)),$F152*(1-$J152),"") | N152: =IF(ISNUMBER($F152),($F152-IF(ISNUMBER($AM152),$AM152,0))*(1-IF(ISNUMBER($J152),$J152,0)),"") | O152: Lemon Lime | P152: 0 | Q152: 110 | R152: 40 | S152: 0 | T152: 5 | U152: Stevia | V152: Sparkling electrolytes, zero sugar, light hydration | AA152: Low | AB152: Small emerging sparkling-electrolyte entrant | AC152: Sparkling, lightly-mineralled hydration | AD152: Electrolytes in a fizzy, zero-sugar format. | AF152: =IF(AND(ISNUMBER($P152),ISNUMBER($AL152),$AL152<>0),ROUND($P152/$AL152*100,1),"") | AG152: =IF(AND(ISNUMBER($S152),ISNUMBER($AL152),$AL152<>0),ROUND($S152/$AL152*100,2),"") | AH152: =IF(AND(ISNUMBER($Q152),ISNUMBER($AL152),$AL152<>0),ROUND($Q152/$AL152*100,1),"") | AI152: =IF(ISNUMBER($S152),IF($S152<=1,"Yes","No"),"n/a") | AJ152: =IF(ISNUMBER($S152),ROUND(MAX(0,MIN(100,100-$S152*2.5-IF(ISNUMBER($T152),$T152,0)*0.12+IF($S152<=1,12,0))),0),"") | AK152: =IF(ISNUMBER($Q152),IF($Q152>=100,20,IF($Q152>=30,10,0)),0)+IF(ISNUMBER($R152),IF($R152>=100,20,0),0)+IF(ISNUMBER($P152),IF($P152>=150,20,IF($P152>=50,12,5)),0)+IF(ISNUMBER($S152),IF($S152<=1,15,0),0) | AL152: 355 | AN152: Secondary/approx; NOT verified on Amazon.ca | AO152: BLANK -> requires live Amazon.ca capture | AP152: Unverified commercial data
A153: Halo Sport | B153: Halo Sport Sparkling Electrolyte Water | Berry | single 355mL | C153: 1) Sparkling electrolyte / functional sparkling | D153: 355 mL can | E153: 1 | G153: =IF(AND(ISNUMBER($F153),ISNUMBER($E153),$E153<>0),$F153/$E153,"") | H153: =IF(AND(ISNUMBER($F153),ISNUMBER($AL153),ISNUMBER($E153),($AL153*$E153)<>0),$F153/($AL153*$E153)*100,"") | K153: =IF(AND(ISNUMBER($F153),ISNUMBER($J153)),$F153*(1-$J153),"") | N153: =IF(ISNUMBER($F153),($F153-IF(ISNUMBER($AM153),$AM153,0))*(1-IF(ISNUMBER($J153),$J153,0)),"") | O153: Berry | P153: 0 | Q153: 110 | R153: 40 | S153: 0 | T153: 5 | U153: Stevia | V153: Sparkling electrolytes, zero sugar, light hydration | AA153: Low | AB153: Small emerging sparkling-electrolyte entrant | AC153: Sparkling, lightly-mineralled hydration | AD153: Electrolytes in a fizzy, zero-sugar format. | AF153: =IF(AND(ISNUMBER($P153),ISNUMBER($AL153),$AL153<>0),ROUND($P153/$AL153*100,1),"") | AG153: =IF(AND(ISNUMBER($S153),ISNUMBER($AL153),$AL153<>0),ROUND($S153/$AL153*100,2),"") | AH153: =IF(AND(ISNUMBER($Q153),ISNUMBER($AL153),$AL153<>0),ROUND($Q153/$AL153*100,1),"") | AI153: =IF(ISNUMBER($S153),IF($S153<=1,"Yes","No"),"n/a") | AJ153: =IF(ISNUMBER($S153),ROUND(MAX(0,MIN(100,100-$S153*2.5-IF(ISNUMBER($T153),$T153,0)*0.12+IF($S153<=1,12,0))),0),"") | AK153: =IF(ISNUMBER($Q153),IF($Q153>=100,20,IF($Q153>=30,10,0)),0)+IF(ISNUMBER($R153),IF($R153>=100,20,0),0)+IF(ISNUMBER($P153),IF($P153>=150,20,IF($P153>=50,12,5)),0)+IF(ISNUMBER($S153),IF($S153<=1,15,0),0) | AL153: 355 | AN153: Secondary/approx; NOT verified on Amazon.ca | AO153: BLANK -> requires live Amazon.ca capture | AP153: Unverified commercial data
A154: Halo Sport | B154: Halo Sport Sparkling Electrolyte Water | Berry | 8-pack 355mL | C154: 1) Sparkling electrolyte / functional sparkling | D154: 355 mL can | E154: 8 | G154: =IF(AND(ISNUMBER($F154),ISNUMBER($E154),$E154<>0),$F154/$E154,"") | H154: =IF(AND(ISNUMBER($F154),ISNUMBER($AL154),ISNUMBER($E154),($AL154*$E154)<>0),$F154/($AL154*$E154)*100,"") | K154: =IF(AND(ISNUMBER($F154),ISNUMBER($J154)),$F154*(1-$J154),"") | N154: =IF(ISNUMBER($F154),($F154-IF(ISNUMBER($AM154),$AM154,0))*(1-IF(ISNUMBER($J154),$J154,0)),"") | O154: Berry | P154: 0 | Q154: 110 | R154: 40 | S154: 0 | T154: 5 | U154: Stevia | V154: Sparkling electrolytes, zero sugar, light hydration | AA154: Low | AB154: Small emerging sparkling-electrolyte entrant | AC154: Sparkling, lightly-mineralled hydration | AD154: Electrolytes in a fizzy, zero-sugar format. | AF154: =IF(AND(ISNUMBER($P154),ISNUMBER($AL154),$AL154<>0),ROUND($P154/$AL154*100,1),"") | AG154: =IF(AND(ISNUMBER($S154),ISNUMBER($AL154),$AL154<>0),ROUND($S154/$AL154*100,2),"") | AH154: =IF(AND(ISNUMBER($Q154),ISNUMBER($AL154),$AL154<>0),ROUND($Q154/$AL154*100,1),"") | AI154: =IF(ISNUMBER($S154),IF($S154<=1,"Yes","No"),"n/a") | AJ154: =IF(ISNUMBER($S154),ROUND(MAX(0,MIN(100,100-$S154*2.5-IF(ISNUMBER($T154),$T154,0)*0.12+IF($S154<=1,12,0))),0),"") | AK154: =IF(ISNUMBER($Q154),IF($Q154>=100,20,IF($Q154>=30,10,0)),0)+IF(ISNUMBER($R154),IF($R154>=100,20,0),0)+IF(ISNUMBER($P154),IF($P154>=150,20,IF($P154>=50,12,5)),0)+IF(ISNUMBER($S154),IF($S154<=1,15,0),0) | AL154: 355 | AN154: Secondary/approx; NOT verified on Amazon.ca | AO154: BLANK -> requires live Amazon.ca capture | AP154: Unverified commercial data
A155: Halo Sport | B155: Halo Sport Sparkling Electrolyte Water | Berry | 12-pack 355mL | C155: 1) Sparkling electrolyte / functional sparkling | D155: 355 mL can | E155: 12 | G155: =IF(AND(ISNUMBER($F155),ISNUMBER($E155),$E155<>0),$F155/$E155,"") | H155: =IF(AND(ISNUMBER($F155),ISNUMBER($AL155),ISNUMBER($E155),($AL155*$E155)<>0),$F155/($AL155*$E155)*100,"") | K155: =IF(AND(ISNUMBER($F155),ISNUMBER($J155)),$F155*(1-$J155),"") | N155: =IF(ISNUMBER($F155),($F155-IF(ISNUMBER($AM155),$AM155,0))*(1-IF(ISNUMBER($J155),$J155,0)),"") | O155: Berry | P155: 0 | Q155: 110 | R155: 40 | S155: 0 | T155: 5 | U155: Stevia | V155: Sparkling electrolytes, zero sugar, light hydration | AA155: Low | AB155: Small emerging sparkling-electrolyte entrant | AC155: Sparkling, lightly-mineralled hydration | AD155: Electrolytes in a fizzy, zero-sugar format. | AF155: =IF(AND(ISNUMBER($P155),ISNUMBER($AL155),$AL155<>0),ROUND($P155/$AL155*100,1),"") | AG155: =IF(AND(ISNUMBER($S155),ISNUMBER($AL155),$AL155<>0),ROUND($S155/$AL155*100,2),"") | AH155: =IF(AND(ISNUMBER($Q155),ISNUMBER($AL155),$AL155<>0),ROUND($Q155/$AL155*100,1),"") | AI155: =IF(ISNUMBER($S155),IF($S155<=1,"Yes","No"),"n/a") | AJ155: =IF(ISNUMBER($S155),ROUND(MAX(0,MIN(100,100-$S155*2.5-IF(ISNUMBER($T155),$T155,0)*0.12+IF($S155<=1,12,0))),0),"") | AK155: =IF(ISNUMBER($Q155),IF($Q155>=100,20,IF($Q155>=30,10,0)),0)+IF(ISNUMBER($R155),IF($R155>=100,20,0),0)+IF(ISNUMBER($P155),IF($P155>=150,20,IF($P155>=50,12,5)),0)+IF(ISNUMBER($S155),IF($S155<=1,15,0),0) | AL155: 355 | AN155: Secondary/approx; NOT verified on Amazon.ca | AO155: BLANK -> requires live Amazon.ca capture | AP155: Unverified commercial data
A156: Halo Sport | B156: Halo Sport Sparkling Electrolyte Water | Berry | 15-pack 355mL | C156: 1) Sparkling electrolyte / functional sparkling | D156: 355 mL can | E156: 15 | G156: =IF(AND(ISNUMBER($F156),ISNUMBER($E156),$E156<>0),$F156/$E156,"") | H156: =IF(AND(ISNUMBER($F156),ISNUMBER($AL156),ISNUMBER($E156),($AL156*$E156)<>0),$F156/($AL156*$E156)*100,"") | K156: =IF(AND(ISNUMBER($F156),ISNUMBER($J156)),$F156*(1-$J156),"") | N156: =IF(ISNUMBER($F156),($F156-IF(ISNUMBER($AM156),$AM156,0))*(1-IF(ISNUMBER($J156),$J156,0)),"") | O156: Berry | P156: 0 | Q156: 110 | R156: 40 | S156: 0 | T156: 5 | U156: Stevia | V156: Sparkling electrolytes, zero sugar, light hydration | AA156: Low | AB156: Small emerging sparkling-electrolyte entrant | AC156: Sparkling, lightly-mineralled hydration | AD156: Electrolytes in a fizzy, zero-sugar format. | AF156: =IF(AND(ISNUMBER($P156),ISNUMBER($AL156),$AL156<>0),ROUND($P156/$AL156*100,1),"") | AG156: =IF(AND(ISNUMBER($S156),ISNUMBER($AL156),$AL156<>0),ROUND($S156/$AL156*100,2),"") | AH156: =IF(AND(ISNUMBER($Q156),ISNUMBER($AL156),$AL156<>0),ROUND($Q156/$AL156*100,1),"") | AI156: =IF(ISNUMBER($S156),IF($S156<=1,"Yes","No"),"n/a") | AJ156: =IF(ISNUMBER($S156),ROUND(MAX(0,MIN(100,100-$S156*2.5-IF(ISNUMBER($T156),$T156,0)*0.12+IF($S156<=1,12,0))),0),"") | AK156: =IF(ISNUMBER($Q156),IF($Q156>=100,20,IF($Q156>=30,10,0)),0)+IF(ISNUMBER($R156),IF($R156>=100,20,0),0)+IF(ISNUMBER($P156),IF($P156>=150,20,IF($P156>=50,12,5)),0)+IF(ISNUMBER($S156),IF($S156<=1,15,0),0) | AL156: 355 | AN156: Secondary/approx; NOT verified on Amazon.ca | AO156: BLANK -> requires live Amazon.ca capture | AP156: Unverified commercial data
A157: Halo Sport | B157: Halo Sport Sparkling Electrolyte Water | Berry | 18-pack 355mL | C157: 1) Sparkling electrolyte / functional sparkling | D157: 355 mL can | E157: 18 | G157: =IF(AND(ISNUMBER($F157),ISNUMBER($E157),$E157<>0),$F157/$E157,"") | H157: =IF(AND(ISNUMBER($F157),ISNUMBER($AL157),ISNUMBER($E157),($AL157*$E157)<>0),$F157/($AL157*$E157)*100,"") | K157: =IF(AND(ISNUMBER($F157),ISNUMBER($J157)),$F157*(1-$J157),"") | N157: =IF(ISNUMBER($F157),($F157-IF(ISNUMBER($AM157),$AM157,0))*(1-IF(ISNUMBER($J157),$J157,0)),"") | O157: Berry | P157: 0 | Q157: 110 | R157: 40 | S157: 0 | T157: 5 | U157: Stevia | V157: Sparkling electrolytes, zero sugar, light hydration | AA157: Low | AB157: Small emerging sparkling-electrolyte entrant | AC157: Sparkling, lightly-mineralled hydration | AD157: Electrolytes in a fizzy, zero-sugar format. | AF157: =IF(AND(ISNUMBER($P157),ISNUMBER($AL157),$AL157<>0),ROUND($P157/$AL157*100,1),"") | AG157: =IF(AND(ISNUMBER($S157),ISNUMBER($AL157),$AL157<>0),ROUND($S157/$AL157*100,2),"") | AH157: =IF(AND(ISNUMBER($Q157),ISNUMBER($AL157),$AL157<>0),ROUND($Q157/$AL157*100,1),"") | AI157: =IF(ISNUMBER($S157),IF($S157<=1,"Yes","No"),"n/a") | AJ157: =IF(ISNUMBER($S157),ROUND(MAX(0,MIN(100,100-$S157*2.5-IF(ISNUMBER($T157),$T157,0)*0.12+IF($S157<=1,12,0))),0),"") | AK157: =IF(ISNUMBER($Q157),IF($Q157>=100,20,IF($Q157>=30,10,0)),0)+IF(ISNUMBER($R157),IF($R157>=100,20,0),0)+IF(ISNUMBER($P157),IF($P157>=150,20,IF($P157>=50,12,5)),0)+IF(ISNUMBER($S157),IF($S157<=1,15,0),0) | AL157: 355 | AN157: Secondary/approx; NOT verified on Amazon.ca | AO157: BLANK -> requires live Amazon.ca capture | AP157: Unverified commercial data
A158: Halo Sport | B158: Halo Sport Sparkling Electrolyte Water | Berry | 24-pack 355mL | C158: 1) Sparkling electrolyte / functional sparkling | D158: 355 mL can | E158: 24 | G158: =IF(AND(ISNUMBER($F158),ISNUMBER($E158),$E158<>0),$F158/$E158,"") | H158: =IF(AND(ISNUMBER($F158),ISNUMBER($AL158),ISNUMBER($E158),($AL158*$E158)<>0),$F158/($AL158*$E158)*100,"") | K158: =IF(AND(ISNUMBER($F158),ISNUMBER($J158)),$F158*(1-$J158),"") | N158: =IF(ISNUMBER($F158),($F158-IF(ISNUMBER($AM158),$AM158,0))*(1-IF(ISNUMBER($J158),$J158,0)),"") | O158: Berry | P158: 0 | Q158: 110 | R158: 40 | S158: 0 | T158: 5 | U158: Stevia | V158: Sparkling electrolytes, zero sugar, light hydration | AA158: Low | AB158: Small emerging sparkling-electrolyte entrant | AC158: Sparkling, lightly-mineralled hydration | AD158: Electrolytes in a fizzy, zero-sugar format. | AF158: =IF(AND(ISNUMBER($P158),ISNUMBER($AL158),$AL158<>0),ROUND($P158/$AL158*100,1),"") | AG158: =IF(AND(ISNUMBER($S158),ISNUMBER($AL158),$AL158<>0),ROUND($S158/$AL158*100,2),"") | AH158: =IF(AND(ISNUMBER($Q158),ISNUMBER($AL158),$AL158<>0),ROUND($Q158/$AL158*100,1),"") | AI158: =IF(ISNUMBER($S158),IF($S158<=1,"Yes","No"),"n/a") | AJ158: =IF(ISNUMBER($S158),ROUND(MAX(0,MIN(100,100-$S158*2.5-IF(ISNUMBER($T158),$T158,0)*0.12+IF($S158<=1,12,0))),0),"") | AK158: =IF(ISNUMBER($Q158),IF($Q158>=100,20,IF($Q158>=30,10,0)),0)+IF(ISNUMBER($R158),IF($R158>=100,20,0),0)+IF(ISNUMBER($P158),IF($P158>=150,20,IF($P158>=50,12,5)),0)+IF(ISNUMBER($S158),IF($S158<=1,15,0),0) | AL158: 355 | AN158: Secondary/approx; NOT verified on Amazon.ca | AO158: BLANK -> requires live Amazon.ca capture | AP158: Unverified commercial data
... A170: Halo Sport | B170: Halo Sport Sparkling Electrolyte Water | Grapefruit | 24-pack 355mL | C170: 1) Sparkling electrolyte / functional sparkling | D170: 355 mL can | E170: 24 | G170: =IF(AND(ISNUMBER($F170),ISNUMBER($E170),$E170<>0),$F170/$E170,"") | H170: =IF(AND(ISNUMBER($F170),ISNUMBER($AL170),ISNUMBER($E170),($AL170*$E170)<>0),$F170/($AL170*$E170)*100,"") | K170: =IF(AND(ISNUMBER($F170),ISNUMBER($J170)),$F170*(1-$J170),"") | N170: =IF(ISNUMBER($F170),($F170-IF(ISNUMBER($AM170),$AM170,0))*(1-IF(ISNUMBER($J170),$J170,0)),"") | O170: Grapefruit | P170: 0 | Q170: 110 | R170: 40 | S170: 0 | T170: 5 | U170: Stevia | V170: Sparkling electrolytes, zero sugar, light hydration | AA170: Low | AB170: Small emerging sparkling-electrolyte entrant | AC170: Sparkling, lightly-mineralled hydration | AD170: Electrolytes in a fizzy, zero-sugar format. | AF170: =IF(AND(ISNUMBER($P170),ISNUMBER($AL170),$AL170<>0),ROUND($P170/$AL170*100,1),"") | AG170: =IF(AND(ISNUMBER($S170),ISNUMBER($AL170),$AL170<>0),ROUND($S170/$AL170*100,2),"") | AH170: =IF(AND(ISNUMBER($Q170),ISNUMBER($AL170),$AL170<>0),ROUND($Q170/$AL170*100,1),"") | AI170: =IF(ISNUMBER($S170),IF($S170<=1,"Yes","No"),"n/a") | AJ170: =IF(ISNUMBER($S170),ROUND(MAX(0,MIN(100,100-$S170*2.5-IF(ISNUMBER($T170),$T170,0)*0.12+IF($S170<=1,12,0))),0),"") | AK170: =IF(ISNUMBER($Q170),IF($Q170>=100,20,IF($Q170>=30,10,0)),0)+IF(ISNUMBER($R170),IF($R170>=100,20,0),0)+IF(ISNUMBER($P170),IF($P170>=150,20,IF($P170>=50,12,5)),0)+IF(ISNUMBER($S170),IF($S170<=1,15,0),0) | AL170: 355 | AN170: Secondary/approx; NOT verified on Amazon.ca | AO170: BLANK -> requires live Amazon.ca capture | AP170: Unverified commercial data
A171: Gorgie | B171: Gorgie Energy Sparkling Water | Watermelon | single 355mL | C171: 1) Sparkling electrolyte / functional sparkling | D171: 355 mL can | E171: 1 | G171: =IF(AND(ISNUMBER($F171),ISNUMBER($E171),$E171<>0),$F171/$E171,"") | H171: =IF(AND(ISNUMBER($F171),ISNUMBER($AL171),ISNUMBER($E171),($AL171*$E171)<>0),$F171/($AL171*$E171)*100,"") | K171: =IF(AND(ISNUMBER($F171),ISNUMBER($J171)),$F171*(1-$J171),"") | N171: =IF(ISNUMBER($F171),($F171-IF(ISNUMBER($AM171),$AM171,0))*(1-IF(ISNUMBER($J171),$J171,0)),"") | O171: Watermelon | P171: 120 | Q171: 10 | R171: Not listed | S171: 0 | T171: 10 | U171: Stevia | V171: 120 mg natural caffeine, L-theanine, biotin, zero sugar | AA171: Low | AB171: New social-driven entrant; small footprint | AC171: A lighter, prettier caffeinated sparkling energy | AD171: Mid-dose caffeine with a clean, lifestyle aesthetic. | AF171: =IF(AND(ISNUMBER($P171),ISNUMBER($AL171),$AL171<>0),ROUND($P171/$AL171*100,1),"") | AG171: =IF(AND(ISNUMBER($S171),ISNUMBER($AL171),$AL171<>0),ROUND($S171/$AL171*100,2),"") | AH171: =IF(AND(ISNUMBER($Q171),ISNUMBER($AL171),$AL171<>0),ROUND($Q171/$AL171*100,1),"") | AI171: =IF(ISNUMBER($S171),IF($S171<=1,"Yes","No"),"n/a") | AJ171: =IF(ISNUMBER($S171),ROUND(MAX(0,MIN(100,100-$S171*2.5-IF(ISNUMBER($T171),$T171,0)*0.12+IF($S171<=1,12,0))),0),"") | AK171: =IF(ISNUMBER($Q171),IF($Q171>=100,20,IF($Q171>=30,10,0)),0)+IF(ISNUMBER($R171),IF($R171>=100,20,0),0)+IF(ISNUMBER($P171),IF($P171>=150,20,IF($P171>=50,12,5)),0)+IF(ISNUMBER($S171),IF($S171<=1,15,0),0) | AL171: 355 | AN171: Secondary/approx; NOT verified on Amazon.ca | AO171: BLANK -> requires live Amazon.ca capture | AP171: Unverified commercial data
A172: Gorgie | B172: Gorgie Energy Sparkling Water | Watermelon | 8-pack 355mL | C172: 1) Sparkling electrolyte / functional sparkling | D172: 355 mL can | E172: 8 | G172: =IF(AND(ISNUMBER($F172),ISNUMBER($E172),$E172<>0),$F172/$E172,"") | H172: =IF(AND(ISNUMBER($F172),ISNUMBER($AL172),ISNUMBER($E172),($AL172*$E172)<>0),$F172/($AL172*$E172)*100,"") | K172: =IF(AND(ISNUMBER($F172),ISNUMBER($J172)),$F172*(1-$J172),"") | N172: =IF(ISNUMBER($F172),($F172-IF(ISNUMBER($AM172),$AM172,0))*(1-IF(ISNUMBER($J172),$J172,0)),"") | O172: Watermelon | P172: 120 | Q172: 10 | R172: Not listed | S172: 0 | T172: 10 | U172: Stevia | V172: 120 mg natural caffeine, L-theanine, biotin, zero sugar | AA172: Low | AB172: New social-driven entrant; small footprint | AC172: A lighter, prettier caffeinated sparkling energy | AD172: Mid-dose caffeine with a clean, lifestyle aesthetic. | AF172: =IF(AND(ISNUMBER($P172),ISNUMBER($AL172),$AL172<>0),ROUND($P172/$AL172*100,1),"") | AG172: =IF(AND(ISNUMBER($S172),ISNUMBER($AL172),$AL172<>0),ROUND($S172/$AL172*100,2),"") | AH172: =IF(AND(ISNUMBER($Q172),ISNUMBER($AL172),$AL172<>0),ROUND($Q172/$AL172*100,1),"") | AI172: =IF(ISNUMBER($S172),IF($S172<=1,"Yes","No"),"n/a") | AJ172: =IF(ISNUMBER($S172),ROUND(MAX(0,MIN(100,100-$S172*2.5-IF(ISNUMBER($T172),$T172,0)*0.12+IF($S172<=1,12,0))),0),"") | AK172: =IF(ISNUMBER($Q172),IF($Q172>=100,20,IF($Q172>=30,10,0)),0)+IF(ISNUMBER($R172),IF($R172>=100,20,0),0)+IF(ISNUMBER($P172),IF($P172>=150,20,IF($P172>=50,12,5)),0)+IF(ISNUMBER($S172),IF($S172<=1,15,0),0) | AL172: 355 | AN172: Secondary/approx; NOT verified on Amazon.ca | AO172: BLANK -> requires live Amazon.ca capture | AP172: Unverified commercial data
A173: Gorgie | B173: Gorgie Energy Sparkling Water | Watermelon | 12-pack 355mL | C173: 1) Sparkling electrolyte / functional sparkling | D173: 355 mL can | E173: 12 | G173: =IF(AND(ISNUMBER($F173),ISNUMBER($E173),$E173<>0),$F173/$E173,"") | H173: =IF(AND(ISNUMBER($F173),ISNUMBER($AL173),ISNUMBER($E173),($AL173*$E173)<>0),$F173/($AL173*$E173)*100,"") | K173: =IF(AND(ISNUMBER($F173),ISNUMBER($J173)),$F173*(1-$J173),"") | N173: =IF(ISNUMBER($F173),($F173-IF(ISNUMBER($AM173),$AM173,0))*(1-IF(ISNUMBER($J173),$J173,0)),"") | O173: Watermelon | P173: 120 | Q173: 10 | R173: Not listed | S173: 0 | T173: 10 | U173: Stevia | V173: 120 mg natural caffeine, L-theanine, biotin, zero sugar | AA173: Low | AB173: New social-driven entrant; small footprint | AC173: A lighter, prettier caffeinated sparkling energy | AD173: Mid-dose caffeine with a clean, lifestyle aesthetic. | AF173: =IF(AND(ISNUMBER($P173),ISNUMBER($AL173),$AL173<>0),ROUND($P173/$AL173*100,1),"") | AG173: =IF(AND(ISNUMBER($S173),ISNUMBER($AL173),$AL173<>0),ROUND($S173/$AL173*100,2),"") | AH173: =IF(AND(ISNUMBER($Q173),ISNUMBER($AL173),$AL173<>0),ROUND($Q173/$AL173*100,1),"") | AI173: =IF(ISNUMBER($S173),IF($S173<=1,"Yes","No"),"n/a") | AJ173: =IF(ISNUMBER($S173),ROUND(MAX(0,MIN(100,100-$S173*2.5-IF(ISNUMBER($T173),$T173,0)*0.12+IF($S173<=1,12,0))),0),"") | AK173: =IF(ISNUMBER($Q173),IF($Q173>=100,20,IF($Q173>=30,10,0)),0)+IF(ISNUMBER($R173),IF($R173>=100,20,0),0)+IF(ISNUMBER($P173),IF($P173>=150,20,IF($P173>=50,12,5)),0)+IF(ISNUMBER($S173),IF($S173<=1,15,0),0) | AL173: 355 | AN173: Secondary/approx; NOT verified on Amazon.ca | AO173: BLANK -> requires live Amazon.ca capture | AP173: Unverified commercial data
A174: Gorgie | B174: Gorgie Energy Sparkling Water | Watermelon | 15-pack 355mL | C174: 1) Sparkling electrolyte / functional sparkling | D174: 355 mL can | E174: 15 | G174: =IF(AND(ISNUMBER($F174),ISNUMBER($E174),$E174<>0),$F174/$E174,"") | H174: =IF(AND(ISNUMBER($F174),ISNUMBER($AL174),ISNUMBER($E174),($AL174*$E174)<>0),$F174/($AL174*$E174)*100,"") | K174: =IF(AND(ISNUMBER($F174),ISNUMBER($J174)),$F174*(1-$J174),"") | N174: =IF(ISNUMBER($F174),($F174-IF(ISNUMBER($AM174),$AM174,0))*(1-IF(ISNUMBER($J174),$J174,0)),"") | O174: Watermelon | P174: 120 | Q174: 10 | R174: Not listed | S174: 0 | T174: 10 | U174: Stevia | V174: 120 mg natural caffeine, L-theanine, biotin, zero sugar | AA174: Low | AB174: New social-driven entrant; small footprint | AC174: A lighter, prettier caffeinated sparkling energy | AD174: Mid-dose caffeine with a clean, lifestyle aesthetic. | AF174: =IF(AND(ISNUMBER($P174),ISNUMBER($AL174),$AL174<>0),ROUND($P174/$AL174*100,1),"") | AG174: =IF(AND(ISNUMBER($S174),ISNUMBER($AL174),$AL174<>0),ROUND($S174/$AL174*100,2),"") | AH174: =IF(AND(ISNUMBER($Q174),ISNUMBER($AL174),$AL174<>0),ROUND($Q174/$AL174*100,1),"") | AI174: =IF(ISNUMBER($S174),IF($S174<=1,"Yes","No"),"n/a") | AJ174: =IF(ISNUMBER($S174),ROUND(MAX(0,MIN(100,100-$S174*2.5-IF(ISNUMBER($T174),$T174,0)*0.12+IF($S174<=1,12,0))),0),"") | AK174: =IF(ISNUMBER($Q174),IF($Q174>=100,20,IF($Q174>=30,10,0)),0)+IF(ISNUMBER($R174),IF($R174>=100,20,0),0)+IF(ISNUMBER($P174),IF($P174>=150,20,IF($P174>=50,12,5)),0)+IF(ISNUMBER($S174),IF($S174<=1,15,0),0) | AL174: 355 | AN174: Secondary/approx; NOT verified on Amazon.ca | AO174: BLANK -> requires live Amazon.ca capture | AP174: Unverified commercial data
A175: Gorgie | B175: Gorgie Energy Sparkling Water | Watermelon | 18-pack 355mL | C175: 1) Sparkling electrolyte / functional sparkling | D175: 355 mL can | E175: 18 | G175: =IF(AND(ISNUMBER($F175),ISNUMBER($E175),$E175<>0),$F175/$E175,"") | H175: =IF(AND(ISNUMBER($F175),ISNUMBER($AL175),ISNUMBER($E175),($AL175*$E175)<>0),$F175/($AL175*$E175)*100,"") | K175: =IF(AND(ISNUMBER($F175),ISNUMBER($J175)),$F175*(1-$J175),"") | N175: =IF(ISNUMBER($F175),($F175-IF(ISNUMBER($AM175),$AM175,0))*(1-IF(ISNUMBER($J175),$J175,0)),"") | O175: Watermelon | P175: 120 | Q175: 10 | R175: Not listed | S175: 0 | T175: 10 | U175: Stevia | V175: 120 mg natural caffeine, L-theanine, biotin, zero sugar | AA175: Low | AB175: New social-driven entrant; small footprint | AC175: A lighter, prettier caffeinated sparkling energy | AD175: Mid-dose caffeine with a clean, lifestyle aesthetic. | AF175: =IF(AND(ISNUMBER($P175),ISNUMBER($AL175),$AL175<>0),ROUND($P175/$AL175*100,1),"") | AG175: =IF(AND(ISNUMBER($S175),ISNUMBER($AL175),$AL175<>0),ROUND($S175/$AL175*100,2),"") | AH175: =IF(AND(ISNUMBER($Q175),ISNUMBER($AL175),$AL175<>0),ROUND($Q175/$AL175*100,1),"") | AI175: =IF(ISNUMBER($S175),IF($S175<=1,"Yes","No"),"n/a") | AJ175: =IF(ISNUMBER($S175),ROUND(MAX(0,MIN(100,100-$S175*2.5-IF(ISNUMBER($T175),$T175,0)*0.12+IF($S175<=1,12,0))),0),"") | AK175: =IF(ISNUMBER($Q175),IF($Q175>=100,20,IF($Q175>=30,10,0)),0)+IF(ISNUMBER($R175),IF($R175>=100,20,0),0)+IF(ISNUMBER($P175),IF($P175>=150,20,IF($P175>=50,12,5)),0)+IF(ISNUMBER($S175),IF($S175<=1,15,0),0) | AL175: 355 | AN175: Secondary/approx; NOT verified on Amazon.ca | AO175: BLANK -> requires live Amazon.ca capture | AP175: Unverified commercial data
A176: Gorgie | B176: Gorgie Energy Sparkling Water | Watermelon | 24-pack 355mL | C176: 1) Sparkling electrolyte / functional sparkling | D176: 355 mL can | E176: 24 | G176: =IF(AND(ISNUMBER($F176),ISNUMBER($E176),$E176<>0),$F176/$E176,"") | H176: =IF(AND(ISNUMBER($F176),ISNUMBER($AL176),ISNUMBER($E176),($AL176*$E176)<>0),$F176/($AL176*$E176)*100,"") | K176: =IF(AND(ISNUMBER($F176),ISNUMBER($J176)),$F176*(1-$J176),"") | N176: =IF(ISNUMBER($F176),($F176-IF(ISNUMBER($AM176),$AM176,0))*(1-IF(ISNUMBER($J176),$J176,0)),"") | O176: Watermelon | P176: 120 | Q176: 10 | R176: Not listed | S176: 0 | T176: 10 | U176: Stevia | V176: 120 mg natural caffeine, L-theanine, biotin, zero sugar | AA176: Low | AB176: New social-driven entrant; small footprint | AC176: A lighter, prettier caffeinated sparkling energy | AD176: Mid-dose caffeine with a clean, lifestyle aesthetic. | AF176: =IF(AND(ISNUMBER($P176),ISNUMBER($AL176),$AL176<>0),ROUND($P176/$AL176*100,1),"") | AG176: =IF(AND(ISNUMBER($S176),ISNUMBER($AL176),$AL176<>0),ROUND($S176/$AL176*100,2),"") | AH176: =IF(AND(ISNUMBER($Q176),ISNUMBER($AL176),$AL176<>0),ROUND($Q176/$AL176*100,1),"") | AI176: =IF(ISNUMBER($S176),IF($S176<=1,"Yes","No"),"n/a") | AJ176: =IF(ISNUMBER($S176),ROUND(MAX(0,MIN(100,100-$S176*2.5-IF(ISNUMBER($T176),$T176,0)*0.12+IF($S176<=1,12,0))),0),"") | AK176: =IF(ISNUMBER($Q176),IF($Q176>=100,20,IF($Q176>=30,10,0)),0)+IF(ISNUMBER($R176),IF($R176>=100,20,0),0)+IF(ISNUMBER($P176),IF($P176>=150,20,IF($P176>=50,12,5)),0)+IF(ISNUMBER($S176),IF($S176<=1,15,0),0) | AL176: 355 | AN176: Secondary/approx; NOT verified on Amazon.ca | AO176: BLANK -> requires live Amazon.ca capture | AP176: Unverified commercial data
A177: Gorgie | B177: Gorgie Energy Sparkling Water | Tropical | single 355mL | C177: 1) Sparkling electrolyte / functional sparkling | D177: 355 mL can | E177: 1 | G177: =IF(AND(ISNUMBER($F177),ISNUMBER($E177),$E177<>0),$F177/$E177,"") | H177: =IF(AND(ISNUMBER($F177),ISNUMBER($AL177),ISNUMBER($E177),($AL177*$E177)<>0),$F177/($AL177*$E177)*100,"") | K177: =IF(AND(ISNUMBER($F177),ISNUMBER($J177)),$F177*(1-$J177),"") | N177: =IF(ISNUMBER($F177),($F177-IF(ISNUMBER($AM177),$AM177,0))*(1-IF(ISNUMBER($J177),$J177,0)),"") | O177: Tropical | P177: 120 | Q177: 10 | R177: Not listed | S177: 0 | T177: 10 | U177: Stevia | V177: 120 mg natural caffeine, L-theanine, biotin, zero sugar | AA177: Low | AB177: New social-driven entrant; small footprint | AC177: A lighter, prettier caffeinated sparkling energy | AD177: Mid-dose caffeine with a clean, lifestyle aesthetic. | AF177: =IF(AND(ISNUMBER($P177),ISNUMBER($AL177),$AL177<>0),ROUND($P177/$AL177*100,1),"") | AG177: =IF(AND(ISNUMBER($S177),ISNUMBER($AL177),$AL177<>0),ROUND($S177/$AL177*100,2),"") | AH177: =IF(AND(ISNUMBER($Q177),ISNUMBER($AL177),$AL177<>0),ROUND($Q177/$AL177*100,1),"") | AI177: =IF(ISNUMBER($S177),IF($S177<=1,"Yes","No"),"n/a") | AJ177: =IF(ISNUMBER($S177),ROUND(MAX(0,MIN(100,100-$S177*2.5-IF(ISNUMBER($T177),$T177,0)*0.12+IF($S177<=1,12,0))),0),"") | AK177: =IF(ISNUMBER($Q177),IF($Q177>=100,20,IF($Q177>=30,10,0)),0)+IF(ISNUMBER($R177),IF($R177>=100,20,0),0)+IF(ISNUMBER($P177),IF($P177>=150,20,IF($P177>=50,12,5)),0)+IF(ISNUMBER($S177),IF($S177<=1,15,0),0) | AL177: 355 | AN177: Secondary/approx; NOT verified on Amazon.ca | AO177: BLANK -> requires live Amazon.ca capture | AP177: Unverified commercial data
A178: Gorgie | B178: Gorgie Energy Sparkling Water | Tropical | 8-pack 355mL | C178: 1) Sparkling electrolyte / functional sparkling | D178: 355 mL can | E178: 8 | G178: =IF(AND(ISNUMBER($F178),ISNUMBER($E178),$E178<>0),$F178/$E178,"") | H178: =IF(AND(ISNUMBER($F178),ISNUMBER($AL178),ISNUMBER($E178),($AL178*$E178)<>0),$F178/($AL178*$E178)*100,"") | K178: =IF(AND(ISNUMBER($F178),ISNUMBER($J178)),$F178*(1-$J178),"") | N178: =IF(ISNUMBER($F178),($F178-IF(ISNUMBER($AM178),$AM178,0))*(1-IF(ISNUMBER($J178),$J178,0)),"") | O178: Tropical | P178: 120 | Q178: 10 | R178: Not listed | S178: 0 | T178: 10 | U178: Stevia | V178: 120 mg natural caffeine, L-theanine, biotin, zero sugar | AA178: Low | AB178: New social-driven entrant; small footprint | AC178: A lighter, prettier caffeinated sparkling energy | AD178: Mid-dose caffeine with a clean, lifestyle aesthetic. | AF178: =IF(AND(ISNUMBER($P178),ISNUMBER($AL178),$AL178<>0),ROUND($P178/$AL178*100,1),"") | AG178: =IF(AND(ISNUMBER($S178),ISNUMBER($AL178),$AL178<>0),ROUND($S178/$AL178*100,2),"") | AH178: =IF(AND(ISNUMBER($Q178),ISNUMBER($AL178),$AL178<>0),ROUND($Q178/$AL178*100,1),"") | AI178: =IF(ISNUMBER($S178),IF($S178<=1,"Yes","No"),"n/a") | AJ178: =IF(ISNUMBER($S178),ROUND(MAX(0,MIN(100,100-$S178*2.5-IF(ISNUMBER($T178),$T178,0)*0.12+IF($S178<=1,12,0))),0),"") | AK178: =IF(ISNUMBER($Q178),IF($Q178>=100,20,IF($Q178>=30,10,0)),0)+IF(ISNUMBER($R178),IF($R178>=100,20,0),0)+IF(ISNUMBER($P178),IF($P178>=150,20,IF($P178>=50,12,5)),0)+IF(ISNUMBER($S178),IF($S178<=1,15,0),0) | AL178: 355 | AN178: Secondary/approx; NOT verified on Amazon.ca | AO178: BLANK -> requires live Amazon.ca capture | AP178: Unverified commercial data
A179: Gorgie | B179: Gorgie Energy Sparkling Water | Tropical | 12-pack 355mL | C179: 1) Sparkling electrolyte / functional sparkling | D179: 355 mL can | E179: 12 | G179: =IF(AND(ISNUMBER($F179),ISNUMBER($E179),$E179<>0),$F179/$E179,"") | H179: =IF(AND(ISNUMBER($F179),ISNUMBER($AL179),ISNUMBER($E179),($AL179*$E179)<>0),$F179/($AL179*$E179)*100,"") | K179: =IF(AND(ISNUMBER($F179),ISNUMBER($J179)),$F179*(1-$J179),"") | N179: =IF(ISNUMBER($F179),($F179-IF(ISNUMBER($AM179),$AM179,0))*(1-IF(ISNUMBER($J179),$J179,0)),"") | O179: Tropical | P179: 120 | Q179: 10 | R179: Not listed | S179: 0 | T179: 10 | U179: Stevia | V179: 120 mg natural caffeine, L-theanine, biotin, zero sugar | AA179: Low | AB179: New social-driven entrant; small footprint | AC179: A lighter, prettier caffeinated sparkling energy | AD179: Mid-dose caffeine with a clean, lifestyle aesthetic. | AF179: =IF(AND(ISNUMBER($P179),ISNUMBER($AL179),$AL179<>0),ROUND($P179/$AL179*100,1),"") | AG179: =IF(AND(ISNUMBER($S179),ISNUMBER($AL179),$AL179<>0),ROUND($S179/$AL179*100,2),"") | AH179: =IF(AND(ISNUMBER($Q179),ISNUMBER($AL179),$AL179<>0),ROUND($Q179/$AL179*100,1),"") | AI179: =IF(ISNUMBER($S179),IF($S179<=1,"Yes","No"),"n/a") | AJ179: =IF(ISNUMBER($S179),ROUND(MAX(0,MIN(100,100-$S179*2.5-IF(ISNUMBER($T179),$T179,0)*0.12+IF($S179<=1,12,0))),0),"") | AK179: =IF(ISNUMBER($Q179),IF($Q179>=100,20,IF($Q179>=30,10,0)),0)+IF(ISNUMBER($R179),IF($R179>=100,20,0),0)+IF(ISNUMBER($P179),IF($P179>=150,20,IF($P179>=50,12,5)),0)+IF(ISNUMBER($S179),IF($S179<=1,15,0),0) | AL179: 355 | AN179: Secondary/approx; NOT verified on Amazon.ca | AO179: BLANK -> requires live Amazon.ca capture | AP179: Unverified commercial data
A180: Gorgie | B180: Gorgie Energy Sparkling Water | Tropical | 15-pack 355mL | C180: 1) Sparkling electrolyte / functional sparkling | D180: 355 mL can | E180: 15 | G180: =IF(AND(ISNUMBER($F180),ISNUMBER($E180),$E180<>0),$F180/$E180,"") | H180: =IF(AND(ISNUMBER($F180),ISNUMBER($AL180),ISNUMBER($E180),($AL180*$E180)<>0),$F180/($AL180*$E180)*100,"") | K180: =IF(AND(ISNUMBER($F180),ISNUMBER($J180)),$F180*(1-$J180),"") | N180: =IF(ISNUMBER($F180),($F180-IF(ISNUMBER($AM180),$AM180,0))*(1-IF(ISNUMBER($J180),$J180,0)),"") | O180: Tropical | P180: 120 | Q180: 10 | R180: Not listed | S180: 0 | T180: 10 | U180: Stevia | V180: 120 mg natural caffeine, L-theanine, biotin, zero sugar | AA180: Low | AB180: New social-driven entrant; small footprint | AC180: A lighter, prettier caffeinated sparkling energy | AD180: Mid-dose caffeine with a clean, lifestyle aesthetic. | AF180: =IF(AND(ISNUMBER($P180),ISNUMBER($AL180),$AL180<>0),ROUND($P180/$AL180*100,1),"") | AG180: =IF(AND(ISNUMBER($S180),ISNUMBER($AL180),$AL180<>0),ROUND($S180/$AL180*100,2),"") | AH180: =IF(AND(ISNUMBER($Q180),ISNUMBER($AL180),$AL180<>0),ROUND($Q180/$AL180*100,1),"") | AI180: =IF(ISNUMBER($S180),IF($S180<=1,"Yes","No"),"n/a") | AJ180: =IF(ISNUMBER($S180),ROUND(MAX(0,MIN(100,100-$S180*2.5-IF(ISNUMBER($T180),$T180,0)*0.12+IF($S180<=1,12,0))),0),"") | AK180: =IF(ISNUMBER($Q180),IF($Q180>=100,20,IF($Q180>=30,10,0)),0)+IF(ISNUMBER($R180),IF($R180>=100,20,0),0)+IF(ISNUMBER($P180),IF($P180>=150,20,IF($P180>=50,12,5)),0)+IF(ISNUMBER($S180),IF($S180<=1,15,0),0) | AL180: 355 | AN180: Secondary/approx; NOT verified on Amazon.ca | AO180: BLANK -> requires live Amazon.ca capture | AP180: Unverified commercial data
A181: Gorgie | B181: Gorgie Energy Sparkling Water | Tropical | 18-pack 355mL | C181: 1) Sparkling electrolyte / functional sparkling | D181: 355 mL can | E181: 18 | G181: =IF(AND(ISNUMBER($F181),ISNUMBER($E181),$E181<>0),$F181/$E181,"") | H181: =IF(AND(ISNUMBER($F181),ISNUMBER($AL181),ISNUMBER($E181),($AL181*$E181)<>0),$F181/($AL181*$E181)*100,"") | K181: =IF(AND(ISNUMBER($F181),ISNUMBER($J181)),$F181*(1-$J181),"") | N181: =IF(ISNUMBER($F181),($F181-IF(ISNUMBER($AM181),$AM181,0))*(1-IF(ISNUMBER($J181),$J181,0)),"") | O181: Tropical | P181: 120 | Q181: 10 | R181: Not listed | S181: 0 | T181: 10 | U181: Stevia | V181: 120 mg natural caffeine, L-theanine, biotin, zero sugar | AA181: Low | AB181: New social-driven entrant; small footprint | AC181: A lighter, prettier caffeinated sparkling energy | AD181: Mid-dose caffeine with a clean, lifestyle aesthetic. | AF181: =IF(AND(ISNUMBER($P181),ISNUMBER($AL181),$AL181<>0),ROUND($P181/$AL181*100,1),"") | AG181: =IF(AND(ISNUMBER($S181),ISNUMBER($AL181),$AL181<>0),ROUND($S181/$AL181*100,2),"") | AH181: =IF(AND(ISNUMBER($Q181),ISNUMBER($AL181),$AL181<>0),ROUND($Q181/$AL181*100,1),"") | AI181: =IF(ISNUMBER($S181),IF($S181<=1,"Yes","No"),"n/a") | AJ181: =IF(ISNUMBER($S181),ROUND(MAX(0,MIN(100,100-$S181*2.5-IF(ISNUMBER($T181),$T181,0)*0.12+IF($S181<=1,12,0))),0),"") | AK181: =IF(ISNUMBER($Q181),IF($Q181>=100,20,IF($Q181>=30,10,0)),0)+IF(ISNUMBER($R181),IF($R181>=100,20,0),0)+IF(ISNUMBER($P181),IF($P181>=150,20,IF($P181>=50,12,5)),0)+IF(ISNUMBER($S181),IF($S181<=1,15,0),0) | AL181: 355 | AN181: Secondary/approx; NOT verified on Amazon.ca | AO181: BLANK -> requires live Amazon.ca capture | AP181: Unverified commercial data
A182: Gorgie | B182: Gorgie Energy Sparkling Water | Tropical | 24-pack 355mL | C182: 1) Sparkling electrolyte / functional sparkling | D182: 355 mL can | E182: 24 | G182: =IF(AND(ISNUMBER($F182),ISNUMBER($E182),$E182<>0),$F182/$E182,"") | H182: =IF(AND(ISNUMBER($F182),ISNUMBER($AL182),ISNUMBER($E182),($AL182*$E182)<>0),$F182/($AL182*$E182)*100,"") | K182: =IF(AND(ISNUMBER($F182),ISNUMBER($J182)),$F182*(1-$J182),"") | N182: =IF(ISNUMBER($F182),($F182-IF(ISNUMBER($AM182),$AM182,0))*(1-IF(ISNUMBER($J182),$J182,0)),"") | O182: Tropical | P182: 120 | Q182: 10 | R182: Not listed | S182: 0 | T182: 10 | U182: Stevia | V182: 120 mg natural caffeine, L-theanine, biotin, zero sugar | AA182: Low | AB182: New social-driven entrant; small footprint | AC182: A lighter, prettier caffeinated sparkling energy | AD182: Mid-dose caffeine with a clean, lifestyle aesthetic. | AF182: =IF(AND(ISNUMBER($P182),ISNUMBER($AL182),$AL182<>0),ROUND($P182/$AL182*100,1),"") | AG182: =IF(AND(ISNUMBER($S182),ISNUMBER($AL182),$AL182<>0),ROUND($S182/$AL182*100,2),"") | AH182: =IF(AND(ISNUMBER($Q182),ISNUMBER($AL182),$AL182<>0),ROUND($Q182/$AL182*100,1),"") | AI182: =IF(ISNUMBER($S182),IF($S182<=1,"Yes","No"),"n/a") | AJ182: =IF(ISNUMBER($S182),ROUND(MAX(0,MIN(100,100-$S182*2.5-IF(ISNUMBER($T182),$T182,0)*0.12+IF($S182<=1,12,0))),0),"") | AK182: =IF(ISNUMBER($Q182),IF($Q182>=100,20,IF($Q182>=30,10,0)),0)+IF(ISNUMBER($R182),IF($R182>=100,20,0),0)+IF(ISNUMBER($P182),IF($P182>=150,20,IF($P182>=50,12,5)),0)+IF(ISNUMBER($S182),IF($S182<=1,15,0),0) | AL182: 355 | AN182: Secondary/approx; NOT verified on Amazon.ca | AO182: BLANK -> requires live Amazon.ca capture | AP182: Unverified commercial data
... A249: Sparkling Ice | B249: Sparkling Ice +Caffeine | Triple Citrus | 24-pack 473mL | C249: 1) Sparkling electrolyte / functional sparkling | D249: 473 mL can | E249: 24 | G249: =IF(AND(ISNUMBER($F249),ISNUMBER($E249),$E249<>0),$F249/$E249,"") | H249: =IF(AND(ISNUMBER($F249),ISNUMBER($AL249),ISNUMBER($E249),($AL249*$E249)<>0),$F249/($AL249*$E249)*100,"") | K249: =IF(AND(ISNUMBER($F249),ISNUMBER($J249)),$F249*(1-$J249),"") | N249: =IF(ISNUMBER($F249),($F249-IF(ISNUMBER($AM249),$AM249,0))*(1-IF(ISNUMBER($J249),$J249,0)),"") | O249: Triple Citrus | P249: 70 | Q249: 25 | R249: Not listed | S249: 0 | T249: 5 | U249: Sucralose | V249: 70 mg caffeine, vitamins, antioxidants, zero sugar | AA249: Medium | AB249: Caffeinated line of mass sparkling brand | AC249: Zero-sugar sparkling with a caffeine boost | AD249: Light caffeine plus vitamins, zero sugar. | AF249: =IF(AND(ISNUMBER($P249),ISNUMBER($AL249),$AL249<>0),ROUND($P249/$AL249*100,1),"") | AG249: =IF(AND(ISNUMBER($S249),ISNUMBER($AL249),$AL249<>0),ROUND($S249/$AL249*100,2),"") | AH249: =IF(AND(ISNUMBER($Q249),ISNUMBER($AL249),$AL249<>0),ROUND($Q249/$AL249*100,1),"") | AI249: =IF(ISNUMBER($S249),IF($S249<=1,"Yes","No"),"n/a") | AJ249: =IF(ISNUMBER($S249),ROUND(MAX(0,MIN(100,100-$S249*2.5-IF(ISNUMBER($T249),$T249,0)*0.12+IF($S249<=1,12,0))),0),"") | AK249: =IF(ISNUMBER($Q249),IF($Q249>=100,20,IF($Q249>=30,10,0)),0)+IF(ISNUMBER($R249),IF($R249>=100,20,0),0)+IF(ISNUMBER($P249),IF($P249>=150,20,IF($P249>=50,12,5)),0)+IF(ISNUMBER($S249),IF($S249<=1,15,0),0) | AL249: 473 | AN249: Secondary/approx; NOT verified on Amazon.ca | AO249: BLANK -> requires live Amazon.ca capture | AP249: Unverified commercial data

Sheet M2 - Electrolyte RTD
A1: 1. Brand | B1: 2. Product Line / SKU Name | C1: 3. Category | D1: 4. Format & Size | E1: 5. Pack Count | F1: 6. One-Time Price (CAD) | G1: 7. Price / Unit (CAD) | H1: 8. Price / 100 mL (CAD) | I1: 9. S&S Offered (Y/N) | J1: 10. S&S Discount % | K1: 11. S&S Price After Disc. | L1: 12. Coupon on Listing (Y/N + value) | M1: 13. Promotion Text | N1: 14. Lowest Effective Price (stacked) | O1: 15. All Flavours in Listing | P1: 16. Caffeine / Serving (mg) | Q1: 17. Sodium / Serving (mg) | R1: 18. Potassium / Serving (mg) | S1: 19. Sugar / Serving (g) | T1: 20. Calories / Serving | U1: 21. Sweetener Type | V1: 22. Key Functional Claims | W1: 23. Star Rating | X1: 24. Number of Ratings | Y1: 25. Amazon Badge | Z1: 26. Bestseller Rank in Category | AA1: 27a. Est. Weekly Velocity (band) | AB1: 27b. Velocity Signal Used | AC1: 28. Biggest Selling Message | AD1: 29. Why a Shopper Chooses This | AE1: 30. Direct Product URL | AF1: C1. Caffeine /100 mL (mg) | AG1: C2. Sugar /100 mL (g) | AH1: C3. Sodium /100 mL (mg) | AI1: C4. Sugar-Free? (<=1 g) | AJ1: C5. Health Score (0-100) | AK1: C6. Functional Score (0-100) | AL1: H1. Unit Vol (mL) [calc helper] | AM1: H2. Coupon Value (CAD) [calc helper] | AN1: P1. Attribute Provenance | AO1: P2. Commercial-Field Status | AP1: P3. Row Flag
A2: Gatorade | B2: Gatorade Thirst Quencher | Cool Blue | single 591mL | C2: 2) Electrolyte beverage (RTD) | D2: 591 mL bottle | E2: 1 | G2: =IF(AND(ISNUMBER($F2),ISNUMBER($E2),$E2<>0),$F2/$E2,"") | H2: =IF(AND(ISNUMBER($F2),ISNUMBER($AL2),ISNUMBER($E2),($AL2*$E2)<>0),$F2/($AL2*$E2)*100,"") | K2: =IF(AND(ISNUMBER($F2),ISNUMBER($J2)),$F2*(1-$J2),"") | N2: =IF(ISNUMBER($F2),($F2-IF(ISNUMBER($AM2),$AM2,0))*(1-IF(ISNUMBER($J2),$J2,0)),"") | O2: Cool Blue | P2: 0 | Q2: 270 | R2: 75 | S2: 34 | T2: 140 | U2: Sugar + dextrose | V2: Rehydrate, replenish electrolytes, sports performance | AA2: Very High | AB2: Category-defining sports drink; mass repeat purchase | AC2: The original sports hydration standard | AD2: Sodium-led rehydration with unmatched brand trust. | AF2: =IF(AND(ISNUMBER($P2),ISNUMBER($AL2),$AL2<>0),ROUND($P2/$AL2*100,1),"") | AG2: =IF(AND(ISNUMBER($S2),ISNUMBER($AL2),$AL2<>0),ROUND($S2/$AL2*100,2),"") | AH2: =IF(AND(ISNUMBER($Q2),ISNUMBER($AL2),$AL2<>0),ROUND($Q2/$AL2*100,1),"") | AI2: =IF(ISNUMBER($S2),IF($S2<=1,"Yes","No"),"n/a") | AJ2: =IF(ISNUMBER($S2),ROUND(MAX(0,MIN(100,100-$S2*2.5-IF(ISNUMBER($T2),$T2,0)*0.12+IF($S2<=1,12,0))),0),"") | AK2: =IF(ISNUMBER($Q2),IF($Q2>=100,20,IF($Q2>=30,10,0)),0)+IF(ISNUMBER($R2),IF($R2>=100,20,0),0)+IF(ISNUMBER($P2),IF($P2>=150,20,IF($P2>=50,12,5)),0)+IF(ISNUMBER($S2),IF($S2<=1,15,0),0) | AL2: 591 | AN2: Secondary/approx; NOT verified on Amazon.ca | AO2: BLANK -> requires live Amazon.ca capture | AP2: Unverified commercial data
A3: Gatorade | B3: Gatorade Thirst Quencher | Cool Blue | 6-pack 591mL | C3: 2) Electrolyte beverage (RTD) | D3: 591 mL bottle | E3: 6 | G3: =IF(AND(ISNUMBER($F3),ISNUMBER($E3),$E3<>0),$F3/$E3,"") | H3: =IF(AND(ISNUMBER($F3),ISNUMBER($AL3),ISNUMBER($E3),($AL3*$E3)<>0),$F3/($AL3*$E3)*100,"") | K3: =IF(AND(ISNUMBER($F3),ISNUMBER($J3)),$F3*(1-$J3),"") | N3: =IF(ISNUMBER($F3),($F3-IF(ISNUMBER($AM3),$AM3,0))*(1-IF(ISNUMBER($J3),$J3,0)),"") | O3: Cool Blue | P3: 0 | Q3: 270 | R3: 75 | S3: 34 | T3: 140 | U3: Sugar + dextrose | V3: Rehydrate, replenish electrolytes, sports performance | AA3: Very High | AB3: Category-defining sports drink; mass repeat purchase | AC3: The original sports hydration standard | AD3: Sodium-led rehydration with unmatched brand trust. | AF3: =IF(AND(ISNUMBER($P3),ISNUMBER($AL3),$AL3<>0),ROUND($P3/$AL3*100,1),"") | AG3: =IF(AND(ISNUMBER($S3),ISNUMBER($AL3),$AL3<>0),ROUND($S3/$AL3*100,2),"") | AH3: =IF(AND(ISNUMBER($Q3),ISNUMBER($AL3),$AL3<>0),ROUND($Q3/$AL3*100,1),"") | AI3: =IF(ISNUMBER($S3),IF($S3<=1,"Yes","No"),"n/a") | AJ3: =IF(ISNUMBER($S3),ROUND(MAX(0,MIN(100,100-$S3*2.5-IF(ISNUMBER($T3),$T3,0)*0.12+IF($S3<=1,12,0))),0),"") | AK3: =IF(ISNUMBER($Q3),IF($Q3>=100,20,IF($Q3>=30,10,0)),0)+IF(ISNUMBER($R3),IF($R3>=100,20,0),0)+IF(ISNUMBER($P3),IF($P3>=150,20,IF($P3>=50,12,5)),0)+IF(ISNUMBER($S3),IF($S3<=1,15,0),0) | AL3: 591 | AN3: Secondary/approx; NOT verified on Amazon.ca | AO3: BLANK -> requires live Amazon.ca capture | AP3: Unverified commercial data
A4: Gatorade | B4: Gatorade Thirst Quencher | Cool Blue | 12-pack 591mL | C4: 2) Electrolyte beverage (RTD) | D4: 591 mL bottle | E4: 12 | G4: =IF(AND(ISNUMBER($F4),ISNUMBER($E4),$E4<>0),$F4/$E4,"") | H4: =IF(AND(ISNUMBER($F4),ISNUMBER($AL4),ISNUMBER($E4),($AL4*$E4)<>0),$F4/($AL4*$E4)*100,"") | K4: =IF(AND(ISNUMBER($F4),ISNUMBER($J4)),$F4*(1-$J4),"") | N4: =IF(ISNUMBER($F4),($F4-IF(ISNUMBER($AM4),$AM4,0))*(1-IF(ISNUMBER($J4),$J4,0)),"") | O4: Cool Blue | P4: 0 | Q4: 270 | R4: 75 | S4: 34 | T4: 140 | U4: Sugar + dextrose | V4: Rehydrate, replenish electrolytes, sports performance | AA4: Very High | AB4: Category-defining sports drink; mass repeat purchase | AC4: The original sports hydration standard | AD4: Sodium-led rehydration with unmatched brand trust. | AF4: =IF(AND(ISNUMBER($P4),ISNUMBER($AL4),$AL4<>0),ROUND($P4/$AL4*100,1),"") | AG4: =IF(AND(ISNUMBER($S4),ISNUMBER($AL4),$AL4<>0),ROUND($S4/$AL4*100,2),"") | AH4: =IF(AND(ISNUMBER($Q4),ISNUMBER($AL4),$AL4<>0),ROUND($Q4/$AL4*100,1),"") | AI4: =IF(ISNUMBER($S4),IF($S4<=1,"Yes","No"),"n/a") | AJ4: =IF(ISNUMBER($S4),ROUND(MAX(0,MIN(100,100-$S4*2.5-IF(ISNUMBER($T4),$T4,0)*0.12+IF($S4<=1,12,0))),0),"") | AK4: =IF(ISNUMBER($Q4),IF($Q4>=100,20,IF($Q4>=30,10,0)),0)+IF(ISNUMBER($R4),IF($R4>=100,20,0),0)+IF(ISNUMBER($P4),IF($P4>=150,20,IF($P4>=50,12,5)),0)+IF(ISNUMBER($S4),IF($S4<=1,15,0),0) | AL4: 591 | AN4: Secondary/approx; NOT verified on Amazon.ca | AO4: BLANK -> requires live Amazon.ca capture | AP4: Unverified commercial data
A5: Gatorade | B5: Gatorade Thirst Quencher | Cool Blue | 24-pack 591mL | C5: 2) Electrolyte beverage (RTD) | D5: 591 mL bottle | E5: 24 | G5: =IF(AND(ISNUMBER($F5),ISNUMBER($E5),$E5<>0),$F5/$E5,"") | H5: =IF(AND(ISNUMBER($F5),ISNUMBER($AL5),ISNUMBER($E5),($AL5*$E5)<>0),$F5/($AL5*$E5)*100,"") | K5: =IF(AND(ISNUMBER($F5),ISNUMBER($J5)),$F5*(1-$J5),"") | N5: =IF(ISNUMBER($F5),($F5-IF(ISNUMBER($AM5),$AM5,0))*(1-IF(ISNUMBER($J5),$J5,0)),"") | O5: Cool Blue | P5: 0 | Q5: 270 | R5: 75 | S5: 34 | T5: 140 | U5: Sugar + dextrose | V5: Rehydrate, replenish electrolytes, sports performance | AA5: Very High | AB5: Category-defining sports drink; mass repeat purchase | AC5: The original sports hydration standard | AD5: Sodium-led rehydration with unmatched brand trust. | AF5: =IF(AND(ISNUMBER($P5),ISNUMBER($AL5),$AL5<>0),ROUND($P5/$AL5*100,1),"") | AG5: =IF(AND(ISNUMBER($S5),ISNUMBER($AL5),$AL5<>0),ROUND($S5/$AL5*100,2),"") | AH5: =IF(AND(ISNUMBER($Q5),ISNUMBER($AL5),$AL5<>0),ROUND($Q5/$AL5*100,1),"") | AI5: =IF(ISNUMBER($S5),IF($S5<=1,"Yes","No"),"n/a") | AJ5: =IF(ISNUMBER($S5),ROUND(MAX(0,MIN(100,100-$S5*2.5-IF(ISNUMBER($T5),$T5,0)*0.12+IF($S5<=1,12,0))),0),"") | AK5: =IF(ISNUMBER($Q5),IF($Q5>=100,20,IF($Q5>=30,10,0)),0)+IF(ISNUMBER($R5),IF($R5>=100,20,0),0)+IF(ISNUMBER($P5),IF($P5>=150,20,IF($P5>=50,12,5)),0)+IF(ISNUMBER($S5),IF($S5<=1,15,0),0) | AL5: 591 | AN5: Secondary/approx; NOT verified on Amazon.ca | AO5: BLANK -> requires live Amazon.ca capture | AP5: Unverified commercial data
A6: Gatorade | B6: Gatorade Thirst Quencher | Fruit Punch | single 591mL | C6: 2) Electrolyte beverage (RTD) | D6: 591 mL bottle | E6: 1 | G6: =IF(AND(ISNUMBER($F6),ISNUMBER($E6),$E6<>0),$F6/$E6,"") | H6: =IF(AND(ISNUMBER($F6),ISNUMBER($AL6),ISNUMBER($E6),($AL6*$E6)<>0),$F6/($AL6*$E6)*100,"") | K6: =IF(AND(ISNUMBER($F6),ISNUMBER($J6)),$F6*(1-$J6),"") | N6: =IF(ISNUMBER($F6),($F6-IF(ISNUMBER($AM6),$AM6,0))*(1-IF(ISNUMBER($J6),$J6,0)),"") | O6: Fruit Punch | P6: 0 | Q6: 270 | R6: 75 | S6: 34 | T6: 140 | U6: Sugar + dextrose | V6: Rehydrate, replenish electrolytes, sports performance | AA6: Very High | AB6: Category-defining sports drink; mass repeat purchase | AC6: The original sports hydration standard | AD6: Sodium-led rehydration with unmatched brand trust. | AF6: =IF(AND(ISNUMBER($P6),ISNUMBER($AL6),$AL6<>0),ROUND($P6/$AL6*100,1),"") | AG6: =IF(AND(ISNUMBER($S6),ISNUMBER($AL6),$AL6<>0),ROUND($S6/$AL6*100,2),"") | AH6: =IF(AND(ISNUMBER($Q6),ISNUMBER($AL6),$AL6<>0),ROUND($Q6/$AL6*100,1),"") | AI6: =IF(ISNUMBER($S6),IF($S6<=1,"Yes","No"),"n/a") | AJ6: =IF(ISNUMBER($S6),ROUND(MAX(0,MIN(100,100-$S6*2.5-IF(ISNUMBER($T6),$T6,0)*0.12+IF($S6<=1,12,0))),0),"") | AK6: =IF(ISNUMBER($Q6),IF($Q6>=100,20,IF($Q6>=30,10,0)),0)+IF(ISNUMBER($R6),IF($R6>=100,20,0),0)+IF(ISNUMBER($P6),IF($P6>=150,20,IF($P6>=50,12,5)),0)+IF(ISNUMBER($S6),IF($S6<=1,15,0),0) | AL6: 591 | AN6: Secondary/approx; NOT verified on Amazon.ca | AO6: BLANK -> requires live Amazon.ca capture | AP6: Unverified commercial data
A7: Gatorade | B7: Gatorade Thirst Quencher | Fruit Punch | 6-pack 591mL | C7: 2) Electrolyte beverage (RTD) | D7: 591 mL bottle | E7: 6 | G7: =IF(AND(ISNUMBER($F7),ISNUMBER($E7),$E7<>0),$F7/$E7,"") | H7: =IF(AND(ISNUMBER($F7),ISNUMBER($AL7),ISNUMBER($E7),($AL7*$E7)<>0),$F7/($AL7*$E7)*100,"") | K7: =IF(AND(ISNUMBER($F7),ISNUMBER($J7)),$F7*(1-$J7),"") | N7: =IF(ISNUMBER($F7),($F7-IF(ISNUMBER($AM7),$AM7,0))*(1-IF(ISNUMBER($J7),$J7,0)),"") | O7: Fruit Punch | P7: 0 | Q7: 270 | R7: 75 | S7: 34 | T7: 140 | U7: Sugar + dextrose | V7: Rehydrate, replenish electrolytes, sports performance | AA7: Very High | AB7: Category-defining sports drink; mass repeat purchase | AC7: The original sports hydration standard | AD7: Sodium-led rehydration with unmatched brand trust. | AF7: =IF(AND(ISNUMBER($P7),ISNUMBER($AL7),$AL7<>0),ROUND($P7/$AL7*100,1),"") | AG7: =IF(AND(ISNUMBER($S7),ISNUMBER($AL7),$AL7<>0),ROUND($S7/$AL7*100,2),"") | AH7: =IF(AND(ISNUMBER($Q7),ISNUMBER($AL7),$AL7<>0),ROUND($Q7/$AL7*100,1),"") | AI7: =IF(ISNUMBER($S7),IF($S7<=1,"Yes","No"),"n/a") | AJ7: =IF(ISNUMBER($S7),ROUND(MAX(0,MIN(100,100-$S7*2.5-IF(ISNUMBER($T7),$T7,0)*0.12+IF($S7<=1,12,0))),0),"") | AK7: =IF(ISNUMBER($Q7),IF($Q7>=100,20,IF($Q7>=30,10,0)),0)+IF(ISNUMBER($R7),IF($R7>=100,20,0),0)+IF(ISNUMBER($P7),IF($P7>=150,20,IF($P7>=50,12,5)),0)+IF(ISNUMBER($S7),IF($S7<=1,15,0),0) | AL7: 591 | AN7: Secondary/approx; NOT verified on Amazon.ca | AO7: BLANK -> requires live Amazon.ca capture | AP7: Unverified commercial data
A8: Gatorade | B8: Gatorade Thirst Quencher | Fruit Punch | 12-pack 591mL | C8: 2) Electrolyte beverage (RTD) | D8: 591 mL bottle | E8: 12 | G8: =IF(AND(ISNUMBER($F8),ISNUMBER($E8),$E8<>0),$F8/$E8,"") | H8: =IF(AND(ISNUMBER($F8),ISNUMBER($AL8),ISNUMBER($E8),($AL8*$E8)<>0),$F8/($AL8*$E8)*100,"") | K8: =IF(AND(ISNUMBER($F8),ISNUMBER($J8)),$F8*(1-$J8),"") | N8: =IF(ISNUMBER($F8),($F8-IF(ISNUMBER($AM8),$AM8,0))*(1-IF(ISNUMBER($J8),$J8,0)),"") | O8: Fruit Punch | P8: 0 | Q8: 270 | R8: 75 | S8: 34 | T8: 140 | U8: Sugar + dextrose | V8: Rehydrate, replenish electrolytes, sports performance | AA8: Very High | AB8: Category-defining sports drink; mass repeat purchase | AC8: The original sports hydration standard | AD8: Sodium-led rehydration with unmatched brand trust. | AF8: =IF(AND(ISNUMBER($P8),ISNUMBER($AL8),$AL8<>0),ROUND($P8/$AL8*100,1),"") | AG8: =IF(AND(ISNUMBER($S8),ISNUMBER($AL8),$AL8<>0),ROUND($S8/$AL8*100,2),"") | AH8: =IF(AND(ISNUMBER($Q8),ISNUMBER($AL8),$AL8<>0),ROUND($Q8/$AL8*100,1),"") | AI8: =IF(ISNUMBER($S8),IF($S8<=1,"Yes","No"),"n/a") | AJ8: =IF(ISNUMBER($S8),ROUND(MAX(0,MIN(100,100-$S8*2.5-IF(ISNUMBER($T8),$T8,0)*0.12+IF($S8<=1,12,0))),0),"") | AK8: =IF(ISNUMBER($Q8),IF($Q8>=100,20,IF($Q8>=30,10,0)),0)+IF(ISNUMBER($R8),IF($R8>=100,20,0),0)+IF(ISNUMBER($P8),IF($P8>=150,20,IF($P8>=50,12,5)),0)+IF(ISNUMBER($S8),IF($S8<=1,15,0),0) | AL8: 591 | AN8: Secondary/approx; NOT verified on Amazon.ca | AO8: BLANK -> requires live Amazon.ca capture | AP8: Unverified commercial data
A9: Gatorade | B9: Gatorade Thirst Quencher | Fruit Punch | 24-pack 591mL | C9: 2) Electrolyte beverage (RTD) | D9: 591 mL bottle | E9: 24 | G9: =IF(AND(ISNUMBER($F9),ISNUMBER($E9),$E9<>0),$F9/$E9,"") | H9: =IF(AND(ISNUMBER($F9),ISNUMBER($AL9),ISNUMBER($E9),($AL9*$E9)<>0),$F9/($AL9*$E9)*100,"") | K9: =IF(AND(ISNUMBER($F9),ISNUMBER($J9)),$F9*(1-$J9),"") | N9: =IF(ISNUMBER($F9),($F9-IF(ISNUMBER($AM9),$AM9,0))*(1-IF(ISNUMBER($J9),$J9,0)),"") | O9: Fruit Punch | P9: 0 | Q9: 270 | R9: 75 | S9: 34 | T9: 140 | U9: Sugar + dextrose | V9: Rehydrate, replenish electrolytes, sports performance | AA9: Very High | AB9: Category-defining sports drink; mass repeat purchase | AC9: The original sports hydration standard | AD9: Sodium-led rehydration with unmatched brand trust. | AF9: =IF(AND(ISNUMBER($P9),ISNUMBER($AL9),$AL9<>0),ROUND($P9/$AL9*100,1),"") | AG9: =IF(AND(ISNUMBER($S9),ISNUMBER($AL9),$AL9<>0),ROUND($S9/$AL9*100,2),"") | AH9: =IF(AND(ISNUMBER($Q9),ISNUMBER($AL9),$AL9<>0),ROUND($Q9/$AL9*100,1),"") | AI9: =IF(ISNUMBER($S9),IF($S9<=1,"Yes","No"),"n/a") | AJ9: =IF(ISNUMBER($S9),ROUND(MAX(0,MIN(100,100-$S9*2.5-IF(ISNUMBER($T9),$T9,0)*0.12+IF($S9<=1,12,0))),0),"") | AK9: =IF(ISNUMBER($Q9),IF($Q9>=100,20,IF($Q9>=30,10,0)),0)+IF(ISNUMBER($R9),IF($R9>=100,20,0),0)+IF(ISNUMBER($P9),IF($P9>=150,20,IF($P9>=50,12,5)),0)+IF(ISNUMBER($S9),IF($S9<=1,15,0),0) | AL9: 591 | AN9: Secondary/approx; NOT verified on Amazon.ca | AO9: BLANK -> requires live Amazon.ca capture | AP9: Unverified commercial data
A10: Gatorade | B10: Gatorade Thirst Quencher | Glacier Freeze | single 591mL | C10: 2) Electrolyte beverage (RTD) | D10: 591 mL bottle | E10: 1 | G10: =IF(AND(ISNUMBER($F10),ISNUMBER($E10),$E10<>0),$F10/$E10,"") | H10: =IF(AND(ISNUMBER($F10),ISNUMBER($AL10),ISNUMBER($E10),($AL10*$E10)<>0),$F10/($AL10*$E10)*100,"") | K10: =IF(AND(ISNUMBER($F10),ISNUMBER($J10)),$F10*(1-$J10),"") | N10: =IF(ISNUMBER($F10),($F10-IF(ISNUMBER($AM10),$AM10,0))*(1-IF(ISNUMBER($J10),$J10,0)),"") | O10: Glacier Freeze | P10: 0 | Q10: 270 | R10: 75 | S10: 34 | T10: 140 | U10: Sugar + dextrose | V10: Rehydrate, replenish electrolytes, sports performance | AA10: Very High | AB10: Category-defining sports drink; mass repeat purchase | AC10: The original sports hydration standard | AD10: Sodium-led rehydration with unmatched brand trust. | AF10: =IF(AND(ISNUMBER($P10),ISNUMBER($AL10),$AL10<>0),ROUND($P10/$AL10*100,1),"") | AG10: =IF(AND(ISNUMBER($S10),ISNUMBER($AL10),$AL10<>0),ROUND($S10/$AL10*100,2),"") | AH10: =IF(AND(ISNUMBER($Q10),ISNUMBER($AL10),$AL10<>0),ROUND($Q10/$AL10*100,1),"") | AI10: =IF(ISNUMBER($S10),IF($S10<=1,"Yes","No"),"n/a") | AJ10: =IF(ISNUMBER($S10),ROUND(MAX(0,MIN(100,100-$S10*2.5-IF(ISNUMBER($T10),$T10,0)*0.12+IF($S10<=1,12,0))),0),"") | AK10: =IF(ISNUMBER($Q10),IF($Q10>=100,20,IF($Q10>=30,10,0)),0)+IF(ISNUMBER($R10),IF($R10>=100,20,0),0)+IF(ISNUMBER($P10),IF($P10>=150,20,IF($P10>=50,12,5)),0)+IF(ISNUMBER($S10),IF($S10<=1,15,0),0) | AL10: 591 | AN10: Secondary/approx; NOT verified on Amazon.ca | AO10: BLANK -> requires live Amazon.ca capture | AP10: Unverified commercial data
A11: Gatorade | B11: Gatorade Thirst Quencher | Glacier Freeze | 6-pack 591mL | C11: 2) Electrolyte beverage (RTD) | D11: 591 mL bottle | E11: 6 | G11: =IF(AND(ISNUMBER($F11),ISNUMBER($E11),$E11<>0),$F11/$E11,"") | H11: =IF(AND(ISNUMBER($F11),ISNUMBER($AL11),ISNUMBER($E11),($AL11*$E11)<>0),$F11/($AL11*$E11)*100,"") | K11: =IF(AND(ISNUMBER($F11),ISNUMBER($J11)),$F11*(1-$J11),"") | N11: =IF(ISNUMBER($F11),($F11-IF(ISNUMBER($AM11),$AM11,0))*(1-IF(ISNUMBER($J11),$J11,0)),"") | O11: Glacier Freeze | P11: 0 | Q11: 270 | R11: 75 | S11: 34 | T11: 140 | U11: Sugar + dextrose | V11: Rehydrate, replenish electrolytes, sports performance | AA11: Very High | AB11: Category-defining sports drink; mass repeat purchase | AC11: The original sports hydration standard | AD11: Sodium-led rehydration with unmatched brand trust. | AF11: =IF(AND(ISNUMBER($P11),ISNUMBER($AL11),$AL11<>0),ROUND($P11/$AL11*100,1),"") | AG11: =IF(AND(ISNUMBER($S11),ISNUMBER($AL11),$AL11<>0),ROUND($S11/$AL11*100,2),"") | AH11: =IF(AND(ISNUMBER($Q11),ISNUMBER($AL11),$AL11<>0),ROUND($Q11/$AL11*100,1),"") | AI11: =IF(ISNUMBER($S11),IF($S11<=1,"Yes","No"),"n/a") | AJ11: =IF(ISNUMBER($S11),ROUND(MAX(0,MIN(100,100-$S11*2.5-IF(ISNUMBER($T11),$T11,0)*0.12+IF($S11<=1,12,0))),0),"") | AK11: =IF(ISNUMBER($Q11),IF($Q11>=100,20,IF($Q11>=30,10,0)),0)+IF(ISNUMBER($R11),IF($R11>=100,20,0),0)+IF(ISNUMBER($P11),IF($P11>=150,20,IF($P11>=50,12,5)),0)+IF(ISNUMBER($S11),IF($S11<=1,15,0),0) | AL11: 591 | AN11: Secondary/approx; NOT verified on Amazon.ca | AO11: BLANK -> requires live Amazon.ca capture | AP11: Unverified commercial data
A12: Gatorade | B12: Gatorade Thirst Quencher | Glacier Freeze | 12-pack 591mL | C12: 2) Electrolyte beverage (RTD) | D12: 591 mL bottle | E12: 12 | G12: =IF(AND(ISNUMBER($F12),ISNUMBER($E12),$E12<>0),$F12/$E12,"") | H12: =IF(AND(ISNUMBER($F12),ISNUMBER($AL12),ISNUMBER($E12),($AL12*$E12)<>0),$F12/($AL12*$E12)*100,"") | K12: =IF(AND(ISNUMBER($F12),ISNUMBER($J12)),$F12*(1-$J12),"") | N12: =IF(ISNUMBER($F12),($F12-IF(ISNUMBER($AM12),$AM12,0))*(1-IF(ISNUMBER($J12),$J12,0)),"") | O12: Glacier Freeze | P12: 0 | Q12: 270 | R12: 75 | S12: 34 | T12: 140 | U12: Sugar + dextrose | V12: Rehydrate, replenish electrolytes, sports performance | AA12: Very High | AB12: Category-defining sports drink; mass repeat purchase | AC12: The original sports hydration standard | AD12: Sodium-led rehydration with unmatched brand trust. | AF12: =IF(AND(ISNUMBER($P12),ISNUMBER($AL12),$AL12<>0),ROUND($P12/$AL12*100,1),"") | AG12: =IF(AND(ISNUMBER($S12),ISNUMBER($AL12),$AL12<>0),ROUND($S12/$AL12*100,2),"") | AH12: =IF(AND(ISNUMBER($Q12),ISNUMBER($AL12),$AL12<>0),ROUND($Q12/$AL12*100,1),"") | AI12: =IF(ISNUMBER($S12),IF($S12<=1,"Yes","No"),"n/a") | AJ12: =IF(ISNUMBER($S12),ROUND(MAX(0,MIN(100,100-$S12*2.5-IF(ISNUMBER($T12),$T12,0)*0.12+IF($S12<=1,12,0))),0),"") | AK12: =IF(ISNUMBER($Q12),IF($Q12>=100,20,IF($Q12>=30,10,0)),0)+IF(ISNUMBER($R12),IF($R12>=100,20,0),0)+IF(ISNUMBER($P12),IF($P12>=150,20,IF($P12>=50,12,5)),0)+IF(ISNUMBER($S12),IF($S12<=1,15,0),0) | AL12: 591 | AN12: Secondary/approx; NOT verified on Amazon.ca | AO12: BLANK -> requires live Amazon.ca capture | AP12: Unverified commercial data
A13: Gatorade | B13: Gatorade Thirst Quencher | Glacier Freeze | 24-pack 591mL | C13: 2) Electrolyte beverage (RTD) | D13: 591 mL bottle | E13: 24 | G13: =IF(AND(ISNUMBER($F13),ISNUMBER($E13),$E13<>0),$F13/$E13,"") | H13: =IF(AND(ISNUMBER($F13),ISNUMBER($AL13),ISNUMBER($E13),($AL13*$E13)<>0),$F13/($AL13*$E13)*100,"") | K13: =IF(AND(ISNUMBER($F13),ISNUMBER($J13)),$F13*(1-$J13),"") | N13: =IF(ISNUMBER($F13),($F13-IF(ISNUMBER($AM13),$AM13,0))*(1-IF(ISNUMBER($J13),$J13,0)),"") | O13: Glacier Freeze | P13: 0 | Q13: 270 | R13: 75 | S13: 34 | T13: 140 | U13: Sugar + dextrose | V13: Rehydrate, replenish electrolytes, sports performance | AA13: Very High | AB13: Category-defining sports drink; mass repeat purchase | AC13: The original sports hydration standard | AD13: Sodium-led rehydration with unmatched brand trust. | AF13: =IF(AND(ISNUMBER($P13),ISNUMBER($AL13),$AL13<>0),ROUND($P13/$AL13*100,1),"") | AG13: =IF(AND(ISNUMBER($S13),ISNUMBER($AL13),$AL13<>0),ROUND($S13/$AL13*100,2),"") | AH13: =IF(AND(ISNUMBER($Q13),ISNUMBER($AL13),$AL13<>0),ROUND($Q13/$AL13*100,1),"") | AI13: =IF(ISNUMBER($S13),IF($S13<=1,"Yes","No"),"n/a") | AJ13: =IF(ISNUMBER($S13),ROUND(MAX(0,MIN(100,100-$S13*2.5-IF(ISNUMBER($T13),$T13,0)*0.12+IF($S13<=1,12,0))),0),"") | AK13: =IF(ISNUMBER($Q13),IF($Q13>=100,20,IF($Q13>=30,10,0)),0)+IF(ISNUMBER($R13),IF($R13>=100,20,0),0)+IF(ISNUMBER($P13),IF($P13>=150,20,IF($P13>=50,12,5)),0)+IF(ISNUMBER($S13),IF($S13<=1,15,0),0) | AL13: 591 | AN13: Secondary/approx; NOT verified on Amazon.ca | AO13: BLANK -> requires live Amazon.ca capture | AP13: Unverified commercial data
... A345: Propel | B345: Propel Electrolyte Water | Black Cherry | 24-pack 591mL | C345: 2) Electrolyte beverage (RTD) | D345: 591 mL bottle | E345: 24 | G345: =IF(AND(ISNUMBER($F345),ISNUMBER($E345),$E345<>0),$F345/$E345,"") | H345: =IF(AND(ISNUMBER($F345),ISNUMBER($AL345),ISNUMBER($E345),($AL345*$E345)<>0),$F345/($AL345*$E345)*100,"") | K345: =IF(AND(ISNUMBER($F345),ISNUMBER($J345)),$F345*(1-$J345),"") | N345: =IF(ISNUMBER($F345),($F345-IF(ISNUMBER($AM345),$AM345,0))*(1-IF(ISNUMBER($J345),$J345,0)),"") | O345: Black Cherry | P345: 0 | Q345: 150 | R345: 40 | S345: 0 | T345: 5 | U345: Sucralose + acesulfame-K | V345: Electrolytes + vitamins, zero sugar, fitness water | AA345: High | AB345: Leading zero-sugar electrolyte water (Gatorade family) | AC345: Zero-sugar workout water with electrolytes | AD345: Light electrolyte water for everyday workouts. | AF345: =IF(AND(ISNUMBER($P345),ISNUMBER($AL345),$AL345<>0),ROUND($P345/$AL345*100,1),"") | AG345: =IF(AND(ISNUMBER($S345),ISNUMBER($AL345),$AL345<>0),ROUND($S345/$AL345*100,2),"") | AH345: =IF(AND(ISNUMBER($Q345),ISNUMBER($AL345),$AL345<>0),ROUND($Q345/$AL345*100,1),"") | AI345: =IF(ISNUMBER($S345),IF($S345<=1,"Yes","No"),"n/a") | AJ345: =IF(ISNUMBER($S345),ROUND(MAX(0,MIN(100,100-$S345*2.5-IF(ISNUMBER($T345),$T345,0)*0.12+IF($S345<=1,12,0))),0),"") | AK345: =IF(ISNUMBER($Q345),IF($Q345>=100,20,IF($Q345>=30,10,0)),0)+IF(ISNUMBER($R345),IF($R345>=100,20,0),0)+IF(ISNUMBER($P345),IF($P345>=150,20,IF($P345>=50,12,5)),0)+IF(ISNUMBER($S345),IF($S345<=1,15,0),0) | AL345: 591 | AN345: Secondary/approx; NOT verified on Amazon.ca | AO345: BLANK -> requires live Amazon.ca capture | AP345: Unverified commercial data
A346: Essentia | B346: Essentia Ionized Alkaline Water | Original (pH 9.5) | 8-pack 1L | C346: 2) Electrolyte beverage (RTD) | D346: 1 L bottle | E346: 8 | G346: =IF(AND(ISNUMBER($F346),ISNUMBER($E346),$E346<>0),$F346/$E346,"") | H346: =IF(AND(ISNUMBER($F346),ISNUMBER($AL346),ISNUMBER($E346),($AL346*$E346)<>0),$F346/($AL346*$E346)*100,"") | K346: =IF(AND(ISNUMBER($F346),ISNUMBER($J346)),$F346*(1-$J346),"") | N346: =IF(ISNUMBER($F346),($F346-IF(ISNUMBER($AM346),$AM346,0))*(1-IF(ISNUMBER($J346),$J346,0)),"") | O346: Original (pH 9.5) | P346: 0 | Q346: 10 | R346: Not listed | S346: 0 | T346: 0 | U346: None | V346: Ionized alkaline pH 9.5, electrolytes for taste, hydration | AA346: High | AB346: Leading premium alkaline water | AC346: Smooth alkaline ionized water | AD346: Alkaline-water believers; smooth taste. | AF346: =IF(AND(ISNUMBER($P346),ISNUMBER($AL346),$AL346<>0),ROUND($P346/$AL346*100,1),"") | AG346: =IF(AND(ISNUMBER($S346),ISNUMBER($AL346),$AL346<>0),ROUND($S346/$AL346*100,2),"") | AH346: =IF(AND(ISNUMBER($Q346),ISNUMBER($AL346),$AL346<>0),ROUND($Q346/$AL346*100,1),"") | AI346: =IF(ISNUMBER($S346),IF($S346<=1,"Yes","No"),"n/a") | AJ346: =IF(ISNUMBER($S346),ROUND(MAX(0,MIN(100,100-$S346*2.5-IF(ISNUMBER($T346),$T346,0)*0.12+IF($S346<=1,12,0))),0),"") | AK346: =IF(ISNUMBER($Q346),IF($Q346>=100,20,IF($Q346>=30,10,0)),0)+IF(ISNUMBER($R346),IF($R346>=100,20,0),0)+IF(ISNUMBER($P346),IF($P346>=150,20,IF($P346>=50,12,5)),0)+IF(ISNUMBER($S346),IF($S346<=1,15,0),0) | AL346: 1000 | AN346: Secondary/approx; NOT verified on Amazon.ca | AO346: BLANK -> requires live Amazon.ca capture | AP346: Unverified commercial data
A347: Essentia | B347: Essentia Ionized Alkaline Water | Original (pH 9.5) | 12-pack 1L | C347: 2) Electrolyte beverage (RTD) | D347: 1 L bottle | E347: 12 | G347: =IF(AND(ISNUMBER($F347),ISNUMBER($E347),$E347<>0),$F347/$E347,"") | H347: =IF(AND(ISNUMBER($F347),ISNUMBER($AL347),ISNUMBER($E347),($AL347*$E347)<>0),$F347/($AL347*$E347)*100,"") | K347: =IF(AND(ISNUMBER($F347),ISNUMBER($J347)),$F347*(1-$J347),"") | N347: =IF(ISNUMBER($F347),($F347-IF(ISNUMBER($AM347),$AM347,0))*(1-IF(ISNUMBER($J347),$J347,0)),"") | O347: Original (pH 9.5) | P347: 0 | Q347: 10 | R347: Not listed | S347: 0 | T347: 0 | U347: None | V347: Ionized alkaline pH 9.5, electrolytes for taste, hydration | AA347: High | AB347: Leading premium alkaline water | AC347: Smooth alkaline ionized water | AD347: Alkaline-water believers; smooth taste. | AF347: =IF(AND(ISNUMBER($P347),ISNUMBER($AL347),$AL347<>0),ROUND($P347/$AL347*100,1),"") | AG347: =IF(AND(ISNUMBER($S347),ISNUMBER($AL347),$AL347<>0),ROUND($S347/$AL347*100,2),"") | AH347: =IF(AND(ISNUMBER($Q347),ISNUMBER($AL347),$AL347<>0),ROUND($Q347/$AL347*100,1),"") | AI347: =IF(ISNUMBER($S347),IF($S347<=1,"Yes","No"),"n/a") | AJ347: =IF(ISNUMBER($S347),ROUND(MAX(0,MIN(100,100-$S347*2.5-IF(ISNUMBER($T347),$T347,0)*0.12+IF($S347<=1,12,0))),0),"") | AK347: =IF(ISNUMBER($Q347),IF($Q347>=100,20,IF($Q347>=30,10,0)),0)+IF(ISNUMBER($R347),IF($R347>=100,20,0),0)+IF(ISNUMBER($P347),IF($P347>=150,20,IF($P347>=50,12,5)),0)+IF(ISNUMBER($S347),IF($S347<=1,15,0),0) | AL347: 1000 | AN347: Secondary/approx; NOT verified on Amazon.ca | AO347: BLANK -> requires live Amazon.ca capture | AP347: Unverified commercial data
A348: Essentia | B348: Essentia Ionized Alkaline Water | Original (pH 9.5) | 24-pack 1L | C348: 2) Electrolyte beverage (RTD) | D348: 1 L bottle | E348: 24 | G348: =IF(AND(ISNUMBER($F348),ISNUMBER($E348),$E348<>0),$F348/$E348,"") | H348: =IF(AND(ISNUMBER($F348),ISNUMBER($AL348),ISNUMBER($E348),($AL348*$E348)<>0),$F348/($AL348*$E348)*100,"") | K348: =IF(AND(ISNUMBER($F348),ISNUMBER($J348)),$F348*(1-$J348),"") | N348: =IF(ISNUMBER($F348),($F348-IF(ISNUMBER($AM348),$AM348,0))*(1-IF(ISNUMBER($J348),$J348,0)),"") | O348: Original (pH 9.5) | P348: 0 | Q348: 10 | R348: Not listed | S348: 0 | T348: 0 | U348: None | V348: Ionized alkaline pH 9.5, electrolytes for taste, hydration | AA348: High | AB348: Leading premium alkaline water | AC348: Smooth alkaline ionized water | AD348: Alkaline-water believers; smooth taste. | AF348: =IF(AND(ISNUMBER($P348),ISNUMBER($AL348),$AL348<>0),ROUND($P348/$AL348*100,1),"") | AG348: =IF(AND(ISNUMBER($S348),ISNUMBER($AL348),$AL348<>0),ROUND($S348/$AL348*100,2),"") | AH348: =IF(AND(ISNUMBER($Q348),ISNUMBER($AL348),$AL348<>0),ROUND($Q348/$AL348*100,1),"") | AI348: =IF(ISNUMBER($S348),IF($S348<=1,"Yes","No"),"n/a") | AJ348: =IF(ISNUMBER($S348),ROUND(MAX(0,MIN(100,100-$S348*2.5-IF(ISNUMBER($T348),$T348,0)*0.12+IF($S348<=1,12,0))),0),"") | AK348: =IF(ISNUMBER($Q348),IF($Q348>=100,20,IF($Q348>=30,10,0)),0)+IF(ISNUMBER($R348),IF($R348>=100,20,0),0)+IF(ISNUMBER($P348),IF($P348>=150,20,IF($P348>=50,12,5)),0)+IF(ISNUMBER($S348),IF($S348<=1,15,0),0) | AL348: 1000 | AN348: Secondary/approx; NOT verified on Amazon.ca | AO348: BLANK -> requires live Amazon.ca capture | AP348: Unverified commercial data
A349: Smartwater | B349: Smartwater Alkaline | Alkaline pH 9+ | 8-pack 1L | C349: 2) Electrolyte beverage (RTD) | D349: 1 L bottle | E349: 8 | G349: =IF(AND(ISNUMBER($F349),ISNUMBER($E349),$E349<>0),$F349/$E349,"") | H349: =IF(AND(ISNUMBER($F349),ISNUMBER($AL349),ISNUMBER($E349),($AL349*$E349)<>0),$F349/($AL349*$E349)*100,"") | K349: =IF(AND(ISNUMBER($F349),ISNUMBER($J349)),$F349*(1-$J349),"") | N349: =IF(ISNUMBER($F349),($F349-IF(ISNUMBER($AM349),$AM349,0))*(1-IF(ISNUMBER($J349),$J349,0)),"") | O349: Alkaline pH 9+ | P349: 0 | Q349: 0 | R349: Not listed | S349: 0 | T349: 0 | U349: None | V349: Vapor-distilled, added electrolytes / alkaline variant | AA349: High | AB349: Premium water brand | AC349: Premium distilled water | AD349: Brand trust and clean taste. | AF349: =IF(AND(ISNUMBER($P349),ISNUMBER($AL349),$AL349<>0),ROUND($P349/$AL349*100,1),"") | AG349: =IF(AND(ISNUMBER($S349),ISNUMBER($AL349),$AL349<>0),ROUND($S349/$AL349*100,2),"") | AH349: =IF(AND(ISNUMBER($Q349),ISNUMBER($AL349),$AL349<>0),ROUND($Q349/$AL349*100,1),"") | AI349: =IF(ISNUMBER($S349),IF($S349<=1,"Yes","No"),"n/a") | AJ349: =IF(ISNUMBER($S349),ROUND(MAX(0,MIN(100,100-$S349*2.5-IF(ISNUMBER($T349),$T349,0)*0.12+IF($S349<=1,12,0))),0),"") | AK349: =IF(ISNUMBER($Q349),IF($Q349>=100,20,IF($Q349>=30,10,0)),0)+IF(ISNUMBER($R349),IF($R349>=100,20,0),0)+IF(ISNUMBER($P349),IF($P349>=150,20,IF($P349>=50,12,5)),0)+IF(ISNUMBER($S349),IF($S349<=1,15,0),0) | AL349: 1000 | AN349: Secondary/approx; NOT verified on Amazon.ca | AO349: BLANK -> requires live Amazon.ca capture | AP349: Unverified commercial data
A350: Smartwater | B350: Smartwater Alkaline | Alkaline pH 9+ | 12-pack 1L | C350: 2) Electrolyte beverage (RTD) | D350: 1 L bottle | E350: 12 | G350: =IF(AND(ISNUMBER($F350),ISNUMBER($E350),$E350<>0),$F350/$E350,"") | H350: =IF(AND(ISNUMBER($F350),ISNUMBER($AL350),ISNUMBER($E350),($AL350*$E350)<>0),$F350/($AL350*$E350)*100,"") | K350: =IF(AND(ISNUMBER($F350),ISNUMBER($J350)),$F350*(1-$J350),"") | N350: =IF(ISNUMBER($F350),($F350-IF(ISNUMBER($AM350),$AM350,0))*(1-IF(ISNUMBER($J350),$J350,0)),"") | O350: Alkaline pH 9+ | P350: 0 | Q350: 0 | R350: Not listed | S350: 0 | T350: 0 | U350: None | V350: Vapor-distilled, added electrolytes / alkaline variant | AA350: High | AB350: Premium water brand | AC350: Premium distilled water | AD350: Brand trust and clean taste. | AF350: =IF(AND(ISNUMBER($P350),ISNUMBER($AL350),$AL350<>0),ROUND($P350/$AL350*100,1),"") | AG350: =IF(AND(ISNUMBER($S350),ISNUMBER($AL350),$AL350<>0),ROUND($S350/$AL350*100,2),"") | AH350: =IF(AND(ISNUMBER($Q350),ISNUMBER($AL350),$AL350<>0),ROUND($Q350/$AL350*100,1),"") | AI350: =IF(ISNUMBER($S350),IF($S350<=1,"Yes","No"),"n/a") | AJ350: =IF(ISNUMBER($S350),ROUND(MAX(0,MIN(100,100-$S350*2.5-IF(ISNUMBER($T350),$T350,0)*0.12+IF($S350<=1,12,0))),0),"") | AK350: =IF(ISNUMBER($Q350),IF($Q350>=100,20,IF($Q350>=30,10,0)),0)+IF(ISNUMBER($R350),IF($R350>=100,20,0),0)+IF(ISNUMBER($P350),IF($P350>=150,20,IF($P350>=50,12,5)),0)+IF(ISNUMBER($S350),IF($S350<=1,15,0),0) | AL350: 1000 | AN350: Secondary/approx; NOT verified on Amazon.ca | AO350: BLANK -> requires live Amazon.ca capture | AP350: Unverified commercial data
A351: Smartwater | B351: Smartwater Alkaline | Alkaline pH 9+ | 24-pack 1L | C351: 2) Electrolyte beverage (RTD) | D351: 1 L bottle | E351: 24 | G351: =IF(AND(ISNUMBER($F351),ISNUMBER($E351),$E351<>0),$F351/$E351,"") | H351: =IF(AND(ISNUMBER($F351),ISNUMBER($AL351),ISNUMBER($E351),($AL351*$E351)<>0),$F351/($AL351*$E351)*100,"") | K351: =IF(AND(ISNUMBER($F351),ISNUMBER($J351)),$F351*(1-$J351),"") | N351: =IF(ISNUMBER($F351),($F351-IF(ISNUMBER($AM351),$AM351,0))*(1-IF(ISNUMBER($J351),$J351,0)),"") | O351: Alkaline pH 9+ | P351: 0 | Q351: 0 | R351: Not listed | S351: 0 | T351: 0 | U351: None | V351: Vapor-distilled, added electrolytes / alkaline variant | AA351: High | AB351: Premium water brand | AC351: Premium distilled water | AD351: Brand trust and clean taste. | AF351: =IF(AND(ISNUMBER($P351),ISNUMBER($AL351),$AL351<>0),ROUND($P351/$AL351*100,1),"") | AG351: =IF(AND(ISNUMBER($S351),ISNUMBER($AL351),$AL351<>0),ROUND($S351/$AL351*100,2),"") | AH351: =IF(AND(ISNUMBER($Q351),ISNUMBER($AL351),$AL351<>0),ROUND($Q351/$AL351*100,1),"") | AI351: =IF(ISNUMBER($S351),IF($S351<=1,"Yes","No"),"n/a") | AJ351: =IF(ISNUMBER($S351),ROUND(MAX(0,MIN(100,100-$S351*2.5-IF(ISNUMBER($T351),$T351,0)*0.12+IF($S351<=1,12,0))),0),"") | AK351: =IF(ISNUMBER($Q351),IF($Q351>=100,20,IF($Q351>=30,10,0)),0)+IF(ISNUMBER($R351),IF($R351>=100,20,0),0)+IF(ISNUMBER($P351),IF($P351>=150,20,IF($P351>=50,12,5)),0)+IF(ISNUMBER($S351),IF($S351<=1,15,0),0) | AL351: 1000 | AN351: Secondary/approx; NOT verified on Amazon.ca | AO351: BLANK -> requires live Amazon.ca capture | AP351: Unverified commercial data
A352: Smartwater | B352: Smartwater Alkaline | Original | 8-pack 1L | C352: 2) Electrolyte beverage (RTD) | D352: 1 L bottle | E352: 8 | G352: =IF(AND(ISNUMBER($F352),ISNUMBER($E352),$E352<>0),$F352/$E352,"") | H352: =IF(AND(ISNUMBER($F352),ISNUMBER($AL352),ISNUMBER($E352),($AL352*$E352)<>0),$F352/($AL352*$E352)*100,"") | K352: =IF(AND(ISNUMBER($F352),ISNUMBER($J352)),$F352*(1-$J352),"") | N352: =IF(ISNUMBER($F352),($F352-IF(ISNUMBER($AM352),$AM352,0))*(1-IF(ISNUMBER($J352),$J352,0)),"") | O352: Original | P352: 0 | Q352: 0 | R352: Not listed | S352: 0 | T352: 0 | U352: None | V352: Vapor-distilled, added electrolytes / alkaline variant | AA352: High | AB352: Premium water brand | AC352: Premium distilled water | AD352: Brand trust and clean taste. | AF352: =IF(AND(ISNUMBER($P352),ISNUMBER($AL352),$AL352<>0),ROUND($P352/$AL352*100,1),"") | AG352: =IF(AND(ISNUMBER($S352),ISNUMBER($AL352),$AL352<>0),ROUND($S352/$AL352*100,2),"") | AH352: =IF(AND(ISNUMBER($Q352),ISNUMBER($AL352),$AL352<>0),ROUND($Q352/$AL352*100,1),"") | AI352: =IF(ISNUMBER($S352),IF($S352<=1,"Yes","No"),"n/a") | AJ352: =IF(ISNUMBER($S352),ROUND(MAX(0,MIN(100,100-$S352*2.5-IF(ISNUMBER($T352),$T352,0)*0.12+IF($S352<=1,12,0))),0),"") | AK352: =IF(ISNUMBER($Q352),IF($Q352>=100,20,IF($Q352>=30,10,0)),0)+IF(ISNUMBER($R352),IF($R352>=100,20,0),0)+IF(ISNUMBER($P352),IF($P352>=150,20,IF($P352>=50,12,5)),0)+IF(ISNUMBER($S352),IF($S352<=1,15,0),0) | AL352: 1000 | AN352: Secondary/approx; NOT verified on Amazon.ca | AO352: BLANK -> requires live Amazon.ca capture | AP352: Unverified commercial data
A353: Smartwater | B353: Smartwater Alkaline | Original | 12-pack 1L | C353: 2) Electrolyte beverage (RTD) | D353: 1 L bottle | E353: 12 | G353: =IF(AND(ISNUMBER($F353),ISNUMBER($E353),$E353<>0),$F353/$E353,"") | H353: =IF(AND(ISNUMBER($F353),ISNUMBER($AL353),ISNUMBER($E353),($AL353*$E353)<>0),$F353/($AL353*$E353)*100,"") | K353: =IF(AND(ISNUMBER($F353),ISNUMBER($J353)),$F353*(1-$J353),"") | N353: =IF(ISNUMBER($F353),($F353-IF(ISNUMBER($AM353),$AM353,0))*(1-IF(ISNUMBER($J353),$J353,0)),"") | O353: Original | P353: 0 | Q353: 0 | R353: Not listed | S353: 0 | T353: 0 | U353: None | V353: Vapor-distilled, added electrolytes / alkaline variant | AA353: High | AB353: Premium water brand | AC353: Premium distilled water | AD353: Brand trust and clean taste. | AF353: =IF(AND(ISNUMBER($P353),ISNUMBER($AL353),$AL353<>0),ROUND($P353/$AL353*100,1),"") | AG353: =IF(AND(ISNUMBER($S353),ISNUMBER($AL353),$AL353<>0),ROUND($S353/$AL353*100,2),"") | AH353: =IF(AND(ISNUMBER($Q353),ISNUMBER($AL353),$AL353<>0),ROUND($Q353/$AL353*100,1),"") | AI353: =IF(ISNUMBER($S353),IF($S353<=1,"Yes","No"),"n/a") | AJ353: =IF(ISNUMBER($S353),ROUND(MAX(0,MIN(100,100-$S353*2.5-IF(ISNUMBER($T353),$T353,0)*0.12+IF($S353<=1,12,0))),0),"") | AK353: =IF(ISNUMBER($Q353),IF($Q353>=100,20,IF($Q353>=30,10,0)),0)+IF(ISNUMBER($R353),IF($R353>=100,20,0),0)+IF(ISNUMBER($P353),IF($P353>=150,20,IF($P353>=50,12,5)),0)+IF(ISNUMBER($S353),IF($S353<=1,15,0),0) | AL353: 1000 | AN353: Secondary/approx; NOT verified on Amazon.ca | AO353: BLANK -> requires live Amazon.ca capture | AP353: Unverified commercial data
A354: Smartwater | B354: Smartwater Alkaline | Original | 24-pack 1L | C354: 2) Electrolyte beverage (RTD) | D354: 1 L bottle | E354: 24 | G354: =IF(AND(ISNUMBER($F354),ISNUMBER($E354),$E354<>0),$F354/$E354,"") | H354: =IF(AND(ISNUMBER($F354),ISNUMBER($AL354),ISNUMBER($E354),($AL354*$E354)<>0),$F354/($AL354*$E354)*100,"") | K354: =IF(AND(ISNUMBER($F354),ISNUMBER($J354)),$F354*(1-$J354),"") | N354: =IF(ISNUMBER($F354),($F354-IF(ISNUMBER($AM354),$AM354,0))*(1-IF(ISNUMBER($J354),$J354,0)),"") | O354: Original | P354: 0 | Q354: 0 | R354: Not listed | S354: 0 | T354: 0 | U354: None | V354: Vapor-distilled, added electrolytes / alkaline variant | AA354: High | AB354: Premium water brand | AC354: Premium distilled water | AD354: Brand trust and clean taste. | AF354: =IF(AND(ISNUMBER($P354),ISNUMBER($AL354),$AL354<>0),ROUND($P354/$AL354*100,1),"") | AG354: =IF(AND(ISNUMBER($S354),ISNUMBER($AL354),$AL354<>0),ROUND($S354/$AL354*100,2),"") | AH354: =IF(AND(ISNUMBER($Q354),ISNUMBER($AL354),$AL354<>0),ROUND($Q354/$AL354*100,1),"") | AI354: =IF(ISNUMBER($S354),IF($S354<=1,"Yes","No"),"n/a") | AJ354: =IF(ISNUMBER($S354),ROUND(MAX(0,MIN(100,100-$S354*2.5-IF(ISNUMBER($T354),$T354,0)*0.12+IF($S354<=1,12,0))),0),"") | AK354: =IF(ISNUMBER($Q354),IF($Q354>=100,20,IF($Q354>=30,10,0)),0)+IF(ISNUMBER($R354),IF($R354>=100,20,0),0)+IF(ISNUMBER($P354),IF($P354>=150,20,IF($P354>=50,12,5)),0)+IF(ISNUMBER($S354),IF($S354<=1,15,0),0) | AL354: 1000 | AN354: Secondary/approx; NOT verified on Amazon.ca | AO354: BLANK -> requires live Amazon.ca capture | AP354: Unverified commercial data
A355: Gatorade | B355: Gatorade G2 Low Sugar | Glacier Freeze | single 591mL | C355: 2) Electrolyte beverage (RTD) | D355: 591 mL bottle | E355: 1 | G355: =IF(AND(ISNUMBER($F355),ISNUMBER($E355),$E355<>0),$F355/$E355,"") | H355: =IF(AND(ISNUMBER($F355),ISNUMBER($AL355),ISNUMBER($E355),($AL355*$E355)<>0),$F355/($AL355*$E355)*100,"") | K355: =IF(AND(ISNUMBER($F355),ISNUMBER($J355)),$F355*(1-$J355),"") | N355: =IF(ISNUMBER($F355),($F355-IF(ISNUMBER($AM355),$AM355,0))*(1-IF(ISNUMBER($J355),$J355,0)),"") | O355: Glacier Freeze | P355: 0 | Q355: 270 | R355: 75 | S355: 7 | T355: 30 | U355: Sugar + sucralose | V355: Same electrolytes, lower sugar | AA355: Medium | AB355: Reduced-sugar Gatorade | AC355: Lower-sugar Gatorade electrolytes | AD355: Electrolytes with much less sugar. | AF355: =IF(AND(ISNUMBER($P355),ISNUMBER($AL355),$AL355<>0),ROUND($P355/$AL355*100,1),"") | AG355: =IF(AND(ISNUMBER($S355),ISNUMBER($AL355),$AL355<>0),ROUND($S355/$AL355*100,2),"") | AH355: =IF(AND(ISNUMBER($Q355),ISNUMBER($AL355),$AL355<>0),ROUND($Q355/$AL355*100,1),"") | AI355: =IF(ISNUMBER($S355),IF($S355<=1,"Yes","No"),"n/a") | AJ355: =IF(ISNUMBER($S355),ROUND(MAX(0,MIN(100,100-$S355*2.5-IF(ISNUMBER($T355),$T355,0)*0.12+IF($S355<=1,12,0))),0),"") | AK355: =IF(ISNUMBER($Q355),IF($Q355>=100,20,IF($Q355>=30,10,0)),0)+IF(ISNUMBER($R355),IF($R355>=100,20,0),0)+IF(ISNUMBER($P355),IF($P355>=150,20,IF($P355>=50,12,5)),0)+IF(ISNUMBER($S355),IF($S355<=1,15,0),0) | AL355: 591 | AN355: Secondary/approx; NOT verified on Amazon.ca | AO355: BLANK -> requires live Amazon.ca capture | AP355: Unverified commercial data
A356: Gatorade | B356: Gatorade G2 Low Sugar | Glacier Freeze | 6-pack 591mL | C356: 2) Electrolyte beverage (RTD) | D356: 591 mL bottle | E356: 6 | G356: =IF(AND(ISNUMBER($F356),ISNUMBER($E356),$E356<>0),$F356/$E356,"") | H356: =IF(AND(ISNUMBER($F356),ISNUMBER($AL356),ISNUMBER($E356),($AL356*$E356)<>0),$F356/($AL356*$E356)*100,"") | K356: =IF(AND(ISNUMBER($F356),ISNUMBER($J356)),$F356*(1-$J356),"") | N356: =IF(ISNUMBER($F356),($F356-IF(ISNUMBER($AM356),$AM356,0))*(1-IF(ISNUMBER($J356),$J356,0)),"") | O356: Glacier Freeze | P356: 0 | Q356: 270 | R356: 75 | S356: 7 | T356: 30 | U356: Sugar + sucralose | V356: Same electrolytes, lower sugar | AA356: Medium | AB356: Reduced-sugar Gatorade | AC356: Lower-sugar Gatorade electrolytes | AD356: Electrolytes with much less sugar. | AF356: =IF(AND(ISNUMBER($P356),ISNUMBER($AL356),$AL356<>0),ROUND($P356/$AL356*100,1),"") | AG356: =IF(AND(ISNUMBER($S356),ISNUMBER($AL356),$AL356<>0),ROUND($S356/$AL356*100,2),"") | AH356: =IF(AND(ISNUMBER($Q356),ISNUMBER($AL356),$AL356<>0),ROUND($Q356/$AL356*100,1),"") | AI356: =IF(ISNUMBER($S356),IF($S356<=1,"Yes","No"),"n/a") | AJ356: =IF(ISNUMBER($S356),ROUND(MAX(0,MIN(100,100-$S356*2.5-IF(ISNUMBER($T356),$T356,0)*0.12+IF($S356<=1,12,0))),0),"") | AK356: =IF(ISNUMBER($Q356),IF($Q356>=100,20,IF($Q356>=30,10,0)),0)+IF(ISNUMBER($R356),IF($R356>=100,20,0),0)+IF(ISNUMBER($P356),IF($P356>=150,20,IF($P356>=50,12,5)),0)+IF(ISNUMBER($S356),IF($S356<=1,15,0),0) | AL356: 591 | AN356: Secondary/approx; NOT verified on Amazon.ca | AO356: BLANK -> requires live Amazon.ca capture | AP356: Unverified commercial data
A357: Gatorade | B357: Gatorade G2 Low Sugar | Glacier Freeze | 12-pack 591mL | C357: 2) Electrolyte beverage (RTD) | D357: 591 mL bottle | E357: 12 | G357: =IF(AND(ISNUMBER($F357),ISNUMBER($E357),$E357<>0),$F357/$E357,"") | H357: =IF(AND(ISNUMBER($F357),ISNUMBER($AL357),ISNUMBER($E357),($AL357*$E357)<>0),$F357/($AL357*$E357)*100,"") | K357: =IF(AND(ISNUMBER($F357),ISNUMBER($J357)),$F357*(1-$J357),"") | N357: =IF(ISNUMBER($F357),($F357-IF(ISNUMBER($AM357),$AM357,0))*(1-IF(ISNUMBER($J357),$J357,0)),"") | O357: Glacier Freeze | P357: 0 | Q357: 270 | R357: 75 | S357: 7 | T357: 30 | U357: Sugar + sucralose | V357: Same electrolytes, lower sugar | AA357: Medium | AB357: Reduced-sugar Gatorade | AC357: Lower-sugar Gatorade electrolytes | AD357: Electrolytes with much less sugar. | AF357: =IF(AND(ISNUMBER($P357),ISNUMBER($AL357),$AL357<>0),ROUND($P357/$AL357*100,1),"") | AG357: =IF(AND(ISNUMBER($S357),ISNUMBER($AL357),$AL357<>0),ROUND($S357/$AL357*100,2),"") | AH357: =IF(AND(ISNUMBER($Q357),ISNUMBER($AL357),$AL357<>0),ROUND($Q357/$AL357*100,1),"") | AI357: =IF(ISNUMBER($S357),IF($S357<=1,"Yes","No"),"n/a") | AJ357: =IF(ISNUMBER($S357),ROUND(MAX(0,MIN(100,100-$S357*2.5-IF(ISNUMBER($T357),$T357,0)*0.12+IF($S357<=1,12,0))),0),"") | AK357: =IF(ISNUMBER($Q357),IF($Q357>=100,20,IF($Q357>=30,10,0)),0)+IF(ISNUMBER($R357),IF($R357>=100,20,0),0)+IF(ISNUMBER($P357),IF($P357>=150,20,IF($P357>=50,12,5)),0)+IF(ISNUMBER($S357),IF($S357<=1,15,0),0) | AL357: 591 | AN357: Secondary/approx; NOT verified on Amazon.ca | AO357: BLANK -> requires live Amazon.ca capture | AP357: Unverified commercial data
A358: Gatorade | B358: Gatorade G2 Low Sugar | Glacier Freeze | 24-pack 591mL | C358: 2) Electrolyte beverage (RTD) | D358: 591 mL bottle | E358: 24 | G358: =IF(AND(ISNUMBER($F358),ISNUMBER($E358),$E358<>0),$F358/$E358,"") | H358: =IF(AND(ISNUMBER($F358),ISNUMBER($AL358),ISNUMBER($E358),($AL358*$E358)<>0),$F358/($AL358*$E358)*100,"") | K358: =IF(AND(ISNUMBER($F358),ISNUMBER($J358)),$F358*(1-$J358),"") | N358: =IF(ISNUMBER($F358),($F358-IF(ISNUMBER($AM358),$AM358,0))*(1-IF(ISNUMBER($J358),$J358,0)),"") | O358: Glacier Freeze | P358: 0 | Q358: 270 | R358: 75 | S358: 7 | T358: 30 | U358: Sugar + sucralose | V358: Same electrolytes, lower sugar | AA358: Medium | AB358: Reduced-sugar Gatorade | AC358: Lower-sugar Gatorade electrolytes | AD358: Electrolytes with much less sugar. | AF358: =IF(AND(ISNUMBER($P358),ISNUMBER($AL358),$AL358<>0),ROUND($P358/$AL358*100,1),"") | AG358: =IF(AND(ISNUMBER($S358),ISNUMBER($AL358),$AL358<>0),ROUND($S358/$AL358*100,2),"") | AH358: =IF(AND(ISNUMBER($Q358),ISNUMBER($AL358),$AL358<>0),ROUND($Q358/$AL358*100,1),"") | AI358: =IF(ISNUMBER($S358),IF($S358<=1,"Yes","No"),"n/a") | AJ358: =IF(ISNUMBER($S358),ROUND(MAX(0,MIN(100,100-$S358*2.5-IF(ISNUMBER($T358),$T358,0)*0.12+IF($S358<=1,12,0))),0),"") | AK358: =IF(ISNUMBER($Q358),IF($Q358>=100,20,IF($Q358>=30,10,0)),0)+IF(ISNUMBER($R358),IF($R358>=100,20,0),0)+IF(ISNUMBER($P358),IF($P358>=150,20,IF($P358>=50,12,5)),0)+IF(ISNUMBER($S358),IF($S358<=1,15,0),0) | AL358: 591 | AN358: Secondary/approx; NOT verified on Amazon.ca | AO358: BLANK -> requires live Amazon.ca capture | AP358: Unverified commercial data
A359: Gatorade | B359: Gatorade G2 Low Sugar | Fruit Punch | single 591mL | C359: 2) Electrolyte beverage (RTD) | D359: 591 mL bottle | E359: 1 | G359: =IF(AND(ISNUMBER($F359),ISNUMBER($E359),$E359<>0),$F359/$E359,"") | H359: =IF(AND(ISNUMBER($F359),ISNUMBER($AL359),ISNUMBER($E359),($AL359*$E359)<>0),$F359/($AL359*$E359)*100,"") | K359: =IF(AND(ISNUMBER($F359),ISNUMBER($J359)),$F359*(1-$J359),"") | N359: =IF(ISNUMBER($F359),($F359-IF(ISNUMBER($AM359),$AM359,0))*(1-IF(ISNUMBER($J359),$J359,0)),"") | O359: Fruit Punch | P359: 0 | Q359: 270 | R359: 75 | S359: 7 | T359: 30 | U359: Sugar + sucralose | V359: Same electrolytes, lower sugar | AA359: Medium | AB359: Reduced-sugar Gatorade | AC359: Lower-sugar Gatorade electrolytes | AD359: Electrolytes with much less sugar. | AF359: =IF(AND(ISNUMBER($P359),ISNUMBER($AL359),$AL359<>0),ROUND($P359/$AL359*100,1),"") | AG359: =IF(AND(ISNUMBER($S359),ISNUMBER($AL359),$AL359<>0),ROUND($S359/$AL359*100,2),"") | AH359: =IF(AND(ISNUMBER($Q359),ISNUMBER($AL359),$AL359<>0),ROUND($Q359/$AL359*100,1),"") | AI359: =IF(ISNUMBER($S359),IF($S359<=1,"Yes","No"),"n/a") | AJ359: =IF(ISNUMBER($S359),ROUND(MAX(0,MIN(100,100-$S359*2.5-IF(ISNUMBER($T359),$T359,0)*0.12+IF($S359<=1,12,0))),0),"") | AK359: =IF(ISNUMBER($Q359),IF($Q359>=100,20,IF($Q359>=30,10,0)),0)+IF(ISNUMBER($R359),IF($R359>=100,20,0),0)+IF(ISNUMBER($P359),IF($P359>=150,20,IF($P359>=50,12,5)),0)+IF(ISNUMBER($S359),IF($S359<=1,15,0),0) | AL359: 591 | AN359: Secondary/approx; NOT verified on Amazon.ca | AO359: BLANK -> requires live Amazon.ca capture | AP359: Unverified commercial data
A360: Gatorade | B360: Gatorade G2 Low Sugar | Fruit Punch | 6-pack 591mL | C360: 2) Electrolyte beverage (RTD) | D360: 591 mL bottle | E360: 6 | G360: =IF(AND(ISNUMBER($F360),ISNUMBER($E360),$E360<>0),$F360/$E360,"") | H360: =IF(AND(ISNUMBER($F360),ISNUMBER($AL360),ISNUMBER($E360),($AL360*$E360)<>0),$F360/($AL360*$E360)*100,"") | K360: =IF(AND(ISNUMBER($F360),ISNUMBER($J360)),$F360*(1-$J360),"") | N360: =IF(ISNUMBER($F360),($F360-IF(ISNUMBER($AM360),$AM360,0))*(1-IF(ISNUMBER($J360),$J360,0)),"") | O360: Fruit Punch | P360: 0 | Q360: 270 | R360: 75 | S360: 7 | T360: 30 | U360: Sugar + sucralose | V360: Same electrolytes, lower sugar | AA360: Medium | AB360: Reduced-sugar Gatorade | AC360: Lower-sugar Gatorade electrolytes | AD360: Electrolytes with much less sugar. | AF360: =IF(AND(ISNUMBER($P360),ISNUMBER($AL360),$AL360<>0),ROUND($P360/$AL360*100,1),"") | AG360: =IF(AND(ISNUMBER($S360),ISNUMBER($AL360),$AL360<>0),ROUND($S360/$AL360*100,2),"") | AH360: =IF(AND(ISNUMBER($Q360),ISNUMBER($AL360),$AL360<>0),ROUND($Q360/$AL360*100,1),"") | AI360: =IF(ISNUMBER($S360),IF($S360<=1,"Yes","No"),"n/a") | AJ360: =IF(ISNUMBER($S360),ROUND(MAX(0,MIN(100,100-$S360*2.5-IF(ISNUMBER($T360),$T360,0)*0.12+IF($S360<=1,12,0))),0),"") | AK360: =IF(ISNUMBER($Q360),IF($Q360>=100,20,IF($Q360>=30,10,0)),0)+IF(ISNUMBER($R360),IF($R360>=100,20,0),0)+IF(ISNUMBER($P360),IF($P360>=150,20,IF($P360>=50,12,5)),0)+IF(ISNUMBER($S360),IF($S360<=1,15,0),0) | AL360: 591 | AN360: Secondary/approx; NOT verified on Amazon.ca | AO360: BLANK -> requires live Amazon.ca capture | AP360: Unverified commercial data
A361: Gatorade | B361: Gatorade G2 Low Sugar | Fruit Punch | 12-pack 591mL | C361: 2) Electrolyte beverage (RTD) | D361: 591 mL bottle | E361: 12 | G361: =IF(AND(ISNUMBER($F361),ISNUMBER($E361),$E361<>0),$F361/$E361,"") | H361: =IF(AND(ISNUMBER($F361),ISNUMBER($AL361),ISNUMBER($E361),($AL361*$E361)<>0),$F361/($AL361*$E361)*100,"") | K361: =IF(AND(ISNUMBER($F361),ISNUMBER($J361)),$F361*(1-$J361),"") | N361: =IF(ISNUMBER($F361),($F361-IF(ISNUMBER($AM361),$AM361,0))*(1-IF(ISNUMBER($J361),$J361,0)),"") | O361: Fruit Punch | P361: 0 | Q361: 270 | R361: 75 | S361: 7 | T361: 30 | U361: Sugar + sucralose | V361: Same electrolytes, lower sugar | AA361: Medium | AB361: Reduced-sugar Gatorade | AC361: Lower-sugar Gatorade electrolytes | AD361: Electrolytes with much less sugar. | AF361: =IF(AND(ISNUMBER($P361),ISNUMBER($AL361),$AL361<>0),ROUND($P361/$AL361*100,1),"") | AG361: =IF(AND(ISNUMBER($S361),ISNUMBER($AL361),$AL361<>0),ROUND($S361/$AL361*100,2),"") | AH361: =IF(AND(ISNUMBER($Q361),ISNUMBER($AL361),$AL361<>0),ROUND($Q361/$AL361*100,1),"") | AI361: =IF(ISNUMBER($S361),IF($S361<=1,"Yes","No"),"n/a") | AJ361: =IF(ISNUMBER($S361),ROUND(MAX(0,MIN(100,100-$S361*2.5-IF(ISNUMBER($T361),$T361,0)*0.12+IF($S361<=1,12,0))),0),"") | AK361: =IF(ISNUMBER($Q361),IF($Q361>=100,20,IF($Q361>=30,10,0)),0)+IF(ISNUMBER($R361),IF($R361>=100,20,0),0)+IF(ISNUMBER($P361),IF($P361>=150,20,IF($P361>=50,12,5)),0)+IF(ISNUMBER($S361),IF($S361<=1,15,0),0) | AL361: 591 | AN361: Secondary/approx; NOT verified on Amazon.ca | AO361: BLANK -> requires live Amazon.ca capture | AP361: Unverified commercial data
A362: Gatorade | B362: Gatorade G2 Low Sugar | Fruit Punch | 24-pack 591mL | C362: 2) Electrolyte beverage (RTD) | D362: 591 mL bottle | E362: 24 | G362: =IF(AND(ISNUMBER($F362),ISNUMBER($E362),$E362<>0),$F362/$E362,"") | H362: =IF(AND(ISNUMBER($F362),ISNUMBER($AL362),ISNUMBER($E362),($AL362*$E362)<>0),$F362/($AL362*$E362)*100,"") | K362: =IF(AND(ISNUMBER($F362),ISNUMBER($J362)),$F362*(1-$J362),"") | N362: =IF(ISNUMBER($F362),($F362-IF(ISNUMBER($AM362),$AM362,0))*(1-IF(ISNUMBER($J362),$J362,0)),"") | O362: Fruit Punch | P362: 0 | Q362: 270 | R362: 75 | S362: 7 | T362: 30 | U362: Sugar + sucralose | V362: Same electrolytes, lower sugar | AA362: Medium | AB362: Reduced-sugar Gatorade | AC362: Lower-sugar Gatorade electrolytes | AD362: Electrolytes with much less sugar. | AF362: =IF(AND(ISNUMBER($P362),ISNUMBER($AL362),$AL362<>0),ROUND($P362/$AL362*100,1),"") | AG362: =IF(AND(ISNUMBER($S362),ISNUMBER($AL362),$AL362<>0),ROUND($S362/$AL362*100,2),"") | AH362: =IF(AND(ISNUMBER($Q362),ISNUMBER($AL362),$AL362<>0),ROUND($Q362/$AL362*100,1),"") | AI362: =IF(ISNUMBER($S362),IF($S362<=1,"Yes","No"),"n/a") | AJ362: =IF(ISNUMBER($S362),ROUND(MAX(0,MIN(100,100-$S362*2.5-IF(ISNUMBER($T362),$T362,0)*0.12+IF($S362<=1,12,0))),0),"") | AK362: =IF(ISNUMBER($Q362),IF($Q362>=100,20,IF($Q362>=30,10,0)),0)+IF(ISNUMBER($R362),IF($R362>=100,20,0),0)+IF(ISNUMBER($P362),IF($P362>=150,20,IF($P362>=50,12,5)),0)+IF(ISNUMBER($S362),IF($S362<=1,15,0),0) | AL362: 591 | AN362: Secondary/approx; NOT verified on Amazon.ca | AO362: BLANK -> requires live Amazon.ca capture | AP362: Unverified commercial data
A363: Gatorade | B363: Gatorade G2 Low Sugar | Grape | single 591mL | C363: 2) Electrolyte beverage (RTD) | D363: 591 mL bottle | E363: 1 | G363: =IF(AND(ISNUMBER($F363),ISNUMBER($E363),$E363<>0),$F363/$E363,"") | H363: =IF(AND(ISNUMBER($F363),ISNUMBER($AL363),ISNUMBER($E363),($AL363*$E363)<>0),$F363/($AL363*$E363)*100,"") | K363: =IF(AND(ISNUMBER($F363),ISNUMBER($J363)),$F363*(1-$J363),"") | N363: =IF(ISNUMBER($F363),($F363-IF(ISNUMBER($AM363),$AM363,0))*(1-IF(ISNUMBER($J363),$J363,0)),"") | O363: Grape | P363: 0 | Q363: 270 | R363: 75 | S363: 7 | T363: 30 | U363: Sugar + sucralose | V363: Same electrolytes, lower sugar | AA363: Medium | AB363: Reduced-sugar Gatorade | AC363: Lower-sugar Gatorade electrolytes | AD363: Electrolytes with much less sugar. | AF363: =IF(AND(ISNUMBER($P363),ISNUMBER($AL363),$AL363<>0),ROUND($P363/$AL363*100,1),"") | AG363: =IF(AND(ISNUMBER($S363),ISNUMBER($AL363),$AL363<>0),ROUND($S363/$AL363*100,2),"") | AH363: =IF(AND(ISNUMBER($Q363),ISNUMBER($AL363),$AL363<>0),ROUND($Q363/$AL363*100,1),"") | AI363: =IF(ISNUMBER($S363),IF($S363<=1,"Yes","No"),"n/a") | AJ363: =IF(ISNUMBER($S363),ROUND(MAX(0,MIN(100,100-$S363*2.5-IF(ISNUMBER($T363),$T363,0)*0.12+IF($S363<=1,12,0))),0),"") | AK363: =IF(ISNUMBER($Q363),IF($Q363>=100,20,IF($Q363>=30,10,0)),0)+IF(ISNUMBER($R363),IF($R363>=100,20,0),0)+IF(ISNUMBER($P363),IF($P363>=150,20,IF($P363>=50,12,5)),0)+IF(ISNUMBER($S363),IF($S363<=1,15,0),0) | AL363: 591 | AN363: Secondary/approx; NOT verified on Amazon.ca | AO363: BLANK -> requires live Amazon.ca capture | AP363: Unverified commercial data
A364: Gatorade | B364: Gatorade G2 Low Sugar | Grape | 6-pack 591mL | C364: 2) Electrolyte beverage (RTD) | D364: 591 mL bottle | E364: 6 | G364: =IF(AND(ISNUMBER($F364),ISNUMBER($E364),$E364<>0),$F364/$E364,"") | H364: =IF(AND(ISNUMBER($F364),ISNUMBER($AL364),ISNUMBER($E364),($AL364*$E364)<>0),$F364/($AL364*$E364)*100,"") | K364: =IF(AND(ISNUMBER($F364),ISNUMBER($J364)),$F364*(1-$J364),"") | N364: =IF(ISNUMBER($F364),($F364-IF(ISNUMBER($AM364),$AM364,0))*(1-IF(ISNUMBER($J364),$J364,0)),"") | O364: Grape | P364: 0 | Q364: 270 | R364: 75 | S364: 7 | T364: 30 | U364: Sugar + sucralose | V364: Same electrolytes, lower sugar | AA364: Medium | AB364: Reduced-sugar Gatorade | AC364: Lower-sugar Gatorade electrolytes | AD364: Electrolytes with much less sugar. | AF364: =IF(AND(ISNUMBER($P364),ISNUMBER($AL364),$AL364<>0),ROUND($P364/$AL364*100,1),"") | AG364: =IF(AND(ISNUMBER($S364),ISNUMBER($AL364),$AL364<>0),ROUND($S364/$AL364*100,2),"") | AH364: =IF(AND(ISNUMBER($Q364),ISNUMBER($AL364),$AL364<>0),ROUND($Q364/$AL364*100,1),"") | AI364: =IF(ISNUMBER($S364),IF($S364<=1,"Yes","No"),"n/a") | AJ364: =IF(ISNUMBER($S364),ROUND(MAX(0,MIN(100,100-$S364*2.5-IF(ISNUMBER($T364),$T364,0)*0.12+IF($S364<=1,12,0))),0),"") | AK364: =IF(ISNUMBER($Q364),IF($Q364>=100,20,IF($Q364>=30,10,0)),0)+IF(ISNUMBER($R364),IF($R364>=100,20,0),0)+IF(ISNUMBER($P364),IF($P364>=150,20,IF($P364>=50,12,5)),0)+IF(ISNUMBER($S364),IF($S364<=1,15,0),0) | AL364: 591 | AN364: Secondary/approx; NOT verified on Amazon.ca | AO364: BLANK -> requires live Amazon.ca capture | AP364: Unverified commercial data
A365: Gatorade | B365: Gatorade G2 Low Sugar | Grape | 12-pack 591mL | C365: 2) Electrolyte beverage (RTD) | D365: 591 mL bottle | E365: 12 | G365: =IF(AND(ISNUMBER($F365),ISNUMBER($E365),$E365<>0),$F365/$E365,"") | H365: =IF(AND(ISNUMBER($F365),ISNUMBER($AL365),ISNUMBER($E365),($AL365*$E365)<>0),$F365/($AL365*$E365)*100,"") | K365: =IF(AND(ISNUMBER($F365),ISNUMBER($J365)),$F365*(1-$J365),"") | N365: =IF(ISNUMBER($F365),($F365-IF(ISNUMBER($AM365),$AM365,0))*(1-IF(ISNUMBER($J365),$J365,0)),"") | O365: Grape | P365: 0 | Q365: 270 | R365: 75 | S365: 7 | T365: 30 | U365: Sugar + sucralose | V365: Same electrolytes, lower sugar | AA365: Medium | AB365: Reduced-sugar Gatorade | AC365: Lower-sugar Gatorade electrolytes | AD365: Electrolytes with much less sugar. | AF365: =IF(AND(ISNUMBER($P365),ISNUMBER($AL365),$AL365<>0),ROUND($P365/$AL365*100,1),"") | AG365: =IF(AND(ISNUMBER($S365),ISNUMBER($AL365),$AL365<>0),ROUND($S365/$AL365*100,2),"") | AH365: =IF(AND(ISNUMBER($Q365),ISNUMBER($AL365),$AL365<>0),ROUND($Q365/$AL365*100,1),"") | AI365: =IF(ISNUMBER($S365),IF($S365<=1,"Yes","No"),"n/a") | AJ365: =IF(ISNUMBER($S365),ROUND(MAX(0,MIN(100,100-$S365*2.5-IF(ISNUMBER($T365),$T365,0)*0.12+IF($S365<=1,12,0))),0),"") | AK365: =IF(ISNUMBER($Q365),IF($Q365>=100,20,IF($Q365>=30,10,0)),0)+IF(ISNUMBER($R365),IF($R365>=100,20,0),0)+IF(ISNUMBER($P365),IF($P365>=150,20,IF($P365>=50,12,5)),0)+IF(ISNUMBER($S365),IF($S365<=1,15,0),0) | AL365: 591 | AN365: Secondary/approx; NOT verified on Amazon.ca | AO365: BLANK -> requires live Amazon.ca capture | AP365: Unverified commercial data
A366: Gatorade | B366: Gatorade G2 Low Sugar | Grape | 24-pack 591mL | C366: 2) Electrolyte beverage (RTD) | D366: 591 mL bottle | E366: 24 | G366: =IF(AND(ISNUMBER($F366),ISNUMBER($E366),$E366<>0),$F366/$E366,"") | H366: =IF(AND(ISNUMBER($F366),ISNUMBER($AL366),ISNUMBER($E366),($AL366*$E366)<>0),$F366/($AL366*$E366)*100,"") | K366: =IF(AND(ISNUMBER($F366),ISNUMBER($J366)),$F366*(1-$J366),"") | N366: =IF(ISNUMBER($F366),($F366-IF(ISNUMBER($AM366),$AM366,0))*(1-IF(ISNUMBER($J366),$J366,0)),"") | O366: Grape | P366: 0 | Q366: 270 | R366: 75 | S366: 7 | T366: 30 | U366: Sugar + sucralose | V366: Same electrolytes, lower sugar | AA366: Medium | AB366: Reduced-sugar Gatorade | AC366: Lower-sugar Gatorade electrolytes | AD366: Electrolytes with much less sugar. | AF366: =IF(AND(ISNUMBER($P366),ISNUMBER($AL366),$AL366<>0),ROUND($P366/$AL366*100,1),"") | AG366: =IF(AND(ISNUMBER($S366),ISNUMBER($AL366),$AL366<>0),ROUND($S366/$AL366*100,2),"") | AH366: =IF(AND(ISNUMBER($Q366),ISNUMBER($AL366),$AL366<>0),ROUND($Q366/$AL366*100,1),"") | AI366: =IF(ISNUMBER($S366),IF($S366<=1,"Yes","No"),"n/a") | AJ366: =IF(ISNUMBER($S366),ROUND(MAX(0,MIN(100,100-$S366*2.5-IF(ISNUMBER($T366),$T366,0)*0.12+IF($S366<=1,12,0))),0),"") | AK366: =IF(ISNUMBER($Q366),IF($Q366>=100,20,IF($Q366>=30,10,0)),0)+IF(ISNUMBER($R366),IF($R366>=100,20,0),0)+IF(ISNUMBER($P366),IF($P366>=150,20,IF($P366>=50,12,5)),0)+IF(ISNUMBER($S366),IF($S366<=1,15,0),0) | AL366: 591 | AN366: Secondary/approx; NOT verified on Amazon.ca | AO366: BLANK -> requires live Amazon.ca capture | AP366: Unverified commercial data
... A405: Pedialyte | B405: Pedialyte Sport | Cherry | 24-pack 495mL | C405: 2) Electrolyte beverage (RTD) | D405: 495 mL bottle | E405: 24 | G405: =IF(AND(ISNUMBER($F405),ISNUMBER($E405),$E405<>0),$F405/$E405,"") | H405: =IF(AND(ISNUMBER($F405),ISNUMBER($AL405),ISNUMBER($E405),($AL405*$E405)<>0),$F405/($AL405*$E405)*100,"") | K405: =IF(AND(ISNUMBER($F405),ISNUMBER($J405)),$F405*(1-$J405),"") | N405: =IF(ISNUMBER($F405),($F405-IF(ISNUMBER($AM405),$AM405,0))*(1-IF(ISNUMBER($J405),$J405,0)),"") | O405: Cherry | P405: 0 | Q405: 490 | R405: 350 | S405: 11 | T405: 45 | U405: Sugar + sucralose | V405: High-electrolyte rapid rehydration for athletes | AA405: Medium | AB405: Sport line of clinical brand | AC405: Clinical-grade sport rehydration | AD405: Medical-brand electrolytes for sport. | AF405: =IF(AND(ISNUMBER($P405),ISNUMBER($AL405),$AL405<>0),ROUND($P405/$AL405*100,1),"") | AG405: =IF(AND(ISNUMBER($S405),ISNUMBER($AL405),$AL405<>0),ROUND($S405/$AL405*100,2),"") | AH405: =IF(AND(ISNUMBER($Q405),ISNUMBER($AL405),$AL405<>0),ROUND($Q405/$AL405*100,1),"") | AI405: =IF(ISNUMBER($S405),IF($S405<=1,"Yes","No"),"n/a") | AJ405: =IF(ISNUMBER($S405),ROUND(MAX(0,MIN(100,100-$S405*2.5-IF(ISNUMBER($T405),$T405,0)*0.12+IF($S405<=1,12,0))),0),"") | AK405: =IF(ISNUMBER($Q405),IF($Q405>=100,20,IF($Q405>=30,10,0)),0)+IF(ISNUMBER($R405),IF($R405>=100,20,0),0)+IF(ISNUMBER($P405),IF($P405>=150,20,IF($P405>=50,12,5)),0)+IF(ISNUMBER($S405),IF($S405<=1,15,0),0) | AL405: 495 | AN405: Secondary/approx; NOT verified on Amazon.ca | AO405: BLANK -> requires live Amazon.ca capture | AP405: Unverified commercial data

Sheet M3 - Functional Beverage
A1: 1. Brand | B1: 2. Product Line / SKU Name | C1: 3. Category | D1: 4. Format & Size | E1: 5. Pack Count | F1: 6. One-Time Price (CAD) | G1: 7. Price / Unit (CAD) | H1: 8. Price / 100 mL (CAD) | I1: 9. S&S Offered (Y/N) | J1: 10. S&S Discount % | K1: 11. S&S Price After Disc. | L1: 12. Coupon on Listing (Y/N + value) | M1: 13. Promotion Text | N1: 14. Lowest Effective Price (stacked) | O1: 15. All Flavours in Listing | P1: 16. Caffeine / Serving (mg) | Q1: 17. Sodium / Serving (mg) | R1: 18. Potassium / Serving (mg) | S1: 19. Sugar / Serving (g) | T1: 20. Calories / Serving | U1: 21. Sweetener Type | V1: 22. Key Functional Claims | W1: 23. Star Rating | X1: 24. Number of Ratings | Y1: 25. Amazon Badge | Z1: 26. Bestseller Rank in Category | AA1: 27a. Est. Weekly Velocity (band) | AB1: 27b. Velocity Signal Used | AC1: 28. Biggest Selling Message | AD1: 29. Why a Shopper Chooses This | AE1: 30. Direct Product URL | AF1: C1. Caffeine /100 mL (mg) | AG1: C2. Sugar /100 mL (g) | AH1: C3. Sodium /100 mL (mg) | AI1: C4. Sugar-Free? (<=1 g) | AJ1: C5. Health Score (0-100) | AK1: C6. Functional Score (0-100) | AL1: H1. Unit Vol (mL) [calc helper] | AM1: H2. Coupon Value (CAD) [calc helper] | AN1: P1. Attribute Provenance | AO1: P2. Commercial-Field Status | AP1: P3. Row Flag
A2: OLIPOP | B2: OLIPOP Prebiotic Soda | Vintage Cola | single 355mL | C2: 3) Functional beverage (still/sparkling) | D2: 355 mL can | E2: 1 | G2: =IF(AND(ISNUMBER($F2),ISNUMBER($E2),$E2<>0),$F2/$E2,"") | H2: =IF(AND(ISNUMBER($F2),ISNUMBER($AL2),ISNUMBER($E2),($AL2*$E2)<>0),$F2/($AL2*$E2)*100,"") | K2: =IF(AND(ISNUMBER($F2),ISNUMBER($J2)),$F2*(1-$J2),"") | N2: =IF(ISNUMBER($F2),($F2-IF(ISNUMBER($AM2),$AM2,0))*(1-IF(ISNUMBER($J2),$J2,0)),"") | O2: Vintage Cola | P2: 0 | Q2: 30 | R2: Not listed | S2: 4 | T2: 45 | U2: Stevia + cassava syrup | V2: 9 g prebiotic fiber, gut/digestive health, low sugar | AA2: Very High | AB2: Category-leading prebiotic soda; viral DTC + retail | AC2: Soda nostalgia that's actually good for your gut | AD2: Classic soda taste with 9 g fiber and almost no sugar. | AF2: =IF(AND(ISNUMBER($P2),ISNUMBER($AL2),$AL2<>0),ROUND($P2/$AL2*100,1),"") | AG2: =IF(AND(ISNUMBER($S2),ISNUMBER($AL2),$AL2<>0),ROUND($S2/$AL2*100,2),"") | AH2: =IF(AND(ISNUMBER($Q2),ISNUMBER($AL2),$AL2<>0),ROUND($Q2/$AL2*100,1),"") | AI2: =IF(ISNUMBER($S2),IF($S2<=1,"Yes","No"),"n/a") | AJ2: =IF(ISNUMBER($S2),ROUND(MAX(0,MIN(100,100-$S2*2.5-IF(ISNUMBER($T2),$T2,0)*0.12+IF($S2<=1,12,0))),0),"") | AK2: =IF(ISNUMBER($Q2),IF($Q2>=100,20,IF($Q2>=30,10,0)),0)+IF(ISNUMBER($R2),IF($R2>=100,20,0),0)+IF(ISNUMBER($P2),IF($P2>=150,20,IF($P2>=50,12,5)),0)+IF(ISNUMBER($S2),IF($S2<=1,15,0),0) | AL2: 355 | AN2: Secondary/approx; NOT verified on Amazon.ca | AO2: BLANK -> requires live Amazon.ca capture | AP2: Unverified commercial data
A3: OLIPOP | B3: OLIPOP Prebiotic Soda | Vintage Cola | 8-pack 355mL | C3: 3) Functional beverage (still/sparkling) | D3: 355 mL can | E3: 8 | G3: =IF(AND(ISNUMBER($F3),ISNUMBER($E3),$E3<>0),$F3/$E3,"") | H3: =IF(AND(ISNUMBER($F3),ISNUMBER($AL3),ISNUMBER($E3),($AL3*$E3)<>0),$F3/($AL3*$E3)*100,"") | K3: =IF(AND(ISNUMBER($F3),ISNUMBER($J3)),$F3*(1-$J3),"") | N3: =IF(ISNUMBER($F3),($F3-IF(ISNUMBER($AM3),$AM3,0))*(1-IF(ISNUMBER($J3),$J3,0)),"") | O3: Vintage Cola | P3: 0 | Q3: 30 | R3: Not listed | S3: 4 | T3: 45 | U3: Stevia + cassava syrup | V3: 9 g prebiotic fiber, gut/digestive health, low sugar | AA3: Very High | AB3: Category-leading prebiotic soda; viral DTC + retail | AC3: Soda nostalgia that's actually good for your gut | AD3: Classic soda taste with 9 g fiber and almost no sugar. | AF3: =IF(AND(ISNUMBER($P3),ISNUMBER($AL3),$AL3<>0),ROUND($P3/$AL3*100,1),"") | AG3: =IF(AND(ISNUMBER($S3),ISNUMBER($AL3),$AL3<>0),ROUND($S3/$AL3*100,2),"") | AH3: =IF(AND(ISNUMBER($Q3),ISNUMBER($AL3),$AL3<>0),ROUND($Q3/$AL3*100,1),"") | AI3: =IF(ISNUMBER($S3),IF($S3<=1,"Yes","No"),"n/a") | AJ3: =IF(ISNUMBER($S3),ROUND(MAX(0,MIN(100,100-$S3*2.5-IF(ISNUMBER($T3),$T3,0)*0.12+IF($S3<=1,12,0))),0),"") | AK3: =IF(ISNUMBER($Q3),IF($Q3>=100,20,IF($Q3>=30,10,0)),0)+IF(ISNUMBER($R3),IF($R3>=100,20,0),0)+IF(ISNUMBER($P3),IF($P3>=150,20,IF($P3>=50,12,5)),0)+IF(ISNUMBER($S3),IF($S3<=1,15,0),0) | AL3: 355 | AN3: Secondary/approx; NOT verified on Amazon.ca | AO3: BLANK -> requires live Amazon.ca capture | AP3: Unverified commercial data
A4: OLIPOP | B4: OLIPOP Prebiotic Soda | Vintage Cola | 12-pack 355mL | C4: 3) Functional beverage (still/sparkling) | D4: 355 mL can | E4: 12 | G4: =IF(AND(ISNUMBER($F4),ISNUMBER($E4),$E4<>0),$F4/$E4,"") | H4: =IF(AND(ISNUMBER($F4),ISNUMBER($AL4),ISNUMBER($E4),($AL4*$E4)<>0),$F4/($AL4*$E4)*100,"") | K4: =IF(AND(ISNUMBER($F4),ISNUMBER($J4)),$F4*(1-$J4),"") | N4: =IF(ISNUMBER($F4),($F4-IF(ISNUMBER($AM4),$AM4,0))*(1-IF(ISNUMBER($J4),$J4,0)),"") | O4: Vintage Cola | P4: 0 | Q4: 30 | R4: Not listed | S4: 4 | T4: 45 | U4: Stevia + cassava syrup | V4: 9 g prebiotic fiber, gut/digestive health, low sugar | AA4: Very High | AB4: Category-leading prebiotic soda; viral DTC + retail | AC4: Soda nostalgia that's actually good for your gut | AD4: Classic soda taste with 9 g fiber and almost no sugar. | AF4: =IF(AND(ISNUMBER($P4),ISNUMBER($AL4),$AL4<>0),ROUND($P4/$AL4*100,1),"") | AG4: =IF(AND(ISNUMBER($S4),ISNUMBER($AL4),$AL4<>0),ROUND($S4/$AL4*100,2),"") | AH4: =IF(AND(ISNUMBER($Q4),ISNUMBER($AL4),$AL4<>0),ROUND($Q4/$AL4*100,1),"") | AI4: =IF(ISNUMBER($S4),IF($S4<=1,"Yes","No"),"n/a") | AJ4: =IF(ISNUMBER($S4),ROUND(MAX(0,MIN(100,100-$S4*2.5-IF(ISNUMBER($T4),$T4,0)*0.12+IF($S4<=1,12,0))),0),"") | AK4: =IF(ISNUMBER($Q4),IF($Q4>=100,20,IF($Q4>=30,10,0)),0)+IF(ISNUMBER($R4),IF($R4>=100,20,0),0)+IF(ISNUMBER($P4),IF($P4>=150,20,IF($P4>=50,12,5)),0)+IF(ISNUMBER($S4),IF($S4<=1,15,0),0) | AL4: 355 | AN4: Secondary/approx; NOT verified on Amazon.ca | AO4: BLANK -> requires live Amazon.ca capture | AP4: Unverified commercial data
A5: OLIPOP | B5: OLIPOP Prebiotic Soda | Vintage Cola | 15-pack 355mL | C5: 3) Functional beverage (still/sparkling) | D5: 355 mL can | E5: 15 | G5: =IF(AND(ISNUMBER($F5),ISNUMBER($E5),$E5<>0),$F5/$E5,"") | H5: =IF(AND(ISNUMBER($F5),ISNUMBER($AL5),ISNUMBER($E5),($AL5*$E5)<>0),$F5/($AL5*$E5)*100,"") | K5: =IF(AND(ISNUMBER($F5),ISNUMBER($J5)),$F5*(1-$J5),"") | N5: =IF(ISNUMBER($F5),($F5-IF(ISNUMBER($AM5),$AM5,0))*(1-IF(ISNUMBER($J5),$J5,0)),"") | O5: Vintage Cola | P5: 0 | Q5: 30 | R5: Not listed | S5: 4 | T5: 45 | U5: Stevia + cassava syrup | V5: 9 g prebiotic fiber, gut/digestive health, low sugar | AA5: Very High | AB5: Category-leading prebiotic soda; viral DTC + retail | AC5: Soda nostalgia that's actually good for your gut | AD5: Classic soda taste with 9 g fiber and almost no sugar. | AF5: =IF(AND(ISNUMBER($P5),ISNUMBER($AL5),$AL5<>0),ROUND($P5/$AL5*100,1),"") | AG5: =IF(AND(ISNUMBER($S5),ISNUMBER($AL5),$AL5<>0),ROUND($S5/$AL5*100,2),"") | AH5: =IF(AND(ISNUMBER($Q5),ISNUMBER($AL5),$AL5<>0),ROUND($Q5/$AL5*100,1),"") | AI5: =IF(ISNUMBER($S5),IF($S5<=1,"Yes","No"),"n/a") | AJ5: =IF(ISNUMBER($S5),ROUND(MAX(0,MIN(100,100-$S5*2.5-IF(ISNUMBER($T5),$T5,0)*0.12+IF($S5<=1,12,0))),0),"") | AK5: =IF(ISNUMBER($Q5),IF($Q5>=100,20,IF($Q5>=30,10,0)),0)+IF(ISNUMBER($R5),IF($R5>=100,20,0),0)+IF(ISNUMBER($P5),IF($P5>=150,20,IF($P5>=50,12,5)),0)+IF(ISNUMBER($S5),IF($S5<=1,15,0),0) | AL5: 355 | AN5: Secondary/approx; NOT verified on Amazon.ca | AO5: BLANK -> requires live Amazon.ca capture | AP5: Unverified commercial data
A6: OLIPOP | B6: OLIPOP Prebiotic Soda | Vintage Cola | 18-pack 355mL | C6: 3) Functional beverage (still/sparkling) | D6: 355 mL can | E6: 18 | G6: =IF(AND(ISNUMBER($F6),ISNUMBER($E6),$E6<>0),$F6/$E6,"") | H6: =IF(AND(ISNUMBER($F6),ISNUMBER($AL6),ISNUMBER($E6),($AL6*$E6)<>0),$F6/($AL6*$E6)*100,"") | K6: =IF(AND(ISNUMBER($F6),ISNUMBER($J6)),$F6*(1-$J6),"") | N6: =IF(ISNUMBER($F6),($F6-IF(ISNUMBER($AM6),$AM6,0))*(1-IF(ISNUMBER($J6),$J6,0)),"") | O6: Vintage Cola | P6: 0 | Q6: 30 | R6: Not listed | S6: 4 | T6: 45 | U6: Stevia + cassava syrup | V6: 9 g prebiotic fiber, gut/digestive health, low sugar | AA6: Very High | AB6: Category-leading prebiotic soda; viral DTC + retail | AC6: Soda nostalgia that's actually good for your gut | AD6: Classic soda taste with 9 g fiber and almost no sugar. | AF6: =IF(AND(ISNUMBER($P6),ISNUMBER($AL6),$AL6<>0),ROUND($P6/$AL6*100,1),"") | AG6: =IF(AND(ISNUMBER($S6),ISNUMBER($AL6),$AL6<>0),ROUND($S6/$AL6*100,2),"") | AH6: =IF(AND(ISNUMBER($Q6),ISNUMBER($AL6),$AL6<>0),ROUND($Q6/$AL6*100,1),"") | AI6: =IF(ISNUMBER($S6),IF($S6<=1,"Yes","No"),"n/a") | AJ6: =IF(ISNUMBER($S6),ROUND(MAX(0,MIN(100,100-$S6*2.5-IF(ISNUMBER($T6),$T6,0)*0.12+IF($S6<=1,12,0))),0),"") | AK6: =IF(ISNUMBER($Q6),IF($Q6>=100,20,IF($Q6>=30,10,0)),0)+IF(ISNUMBER($R6),IF($R6>=100,20,0),0)+IF(ISNUMBER($P6),IF($P6>=150,20,IF($P6>=50,12,5)),0)+IF(ISNUMBER($S6),IF($S6<=1,15,0),0) | AL6: 355 | AN6: Secondary/approx; NOT verified on Amazon.ca | AO6: BLANK -> requires live Amazon.ca capture | AP6: Unverified commercial data
A7: OLIPOP | B7: OLIPOP Prebiotic Soda | Vintage Cola | 24-pack 355mL | C7: 3) Functional beverage (still/sparkling) | D7: 355 mL can | E7: 24 | G7: =IF(AND(ISNUMBER($F7),ISNUMBER($E7),$E7<>0),$F7/$E7,"") | H7: =IF(AND(ISNUMBER($F7),ISNUMBER($AL7),ISNUMBER($E7),($AL7*$E7)<>0),$F7/($AL7*$E7)*100,"") | K7: =IF(AND(ISNUMBER($F7),ISNUMBER($J7)),$F7*(1-$J7),"") | N7: =IF(ISNUMBER($F7),($F7-IF(ISNUMBER($AM7),$AM7,0))*(1-IF(ISNUMBER($J7),$J7,0)),"") | O7: Vintage Cola | P7: 0 | Q7: 30 | R7: Not listed | S7: 4 | T7: 45 | U7: Stevia + cassava syrup | V7: 9 g prebiotic fiber, gut/digestive health, low sugar | AA7: Very High | AB7: Category-leading prebiotic soda; viral DTC + retail | AC7: Soda nostalgia that's actually good for your gut | AD7: Classic soda taste with 9 g fiber and almost no sugar. | AF7: =IF(AND(ISNUMBER($P7),ISNUMBER($AL7),$AL7<>0),ROUND($P7/$AL7*100,1),"") | AG7: =IF(AND(ISNUMBER($S7),ISNUMBER($AL7),$AL7<>0),ROUND($S7/$AL7*100,2),"") | AH7: =IF(AND(ISNUMBER($Q7),ISNUMBER($AL7),$AL7<>0),ROUND($Q7/$AL7*100,1),"") | AI7: =IF(ISNUMBER($S7),IF($S7<=1,"Yes","No"),"n/a") | AJ7: =IF(ISNUMBER($S7),ROUND(MAX(0,MIN(100,100-$S7*2.5-IF(ISNUMBER($T7),$T7,0)*0.12+IF($S7<=1,12,0))),0),"") | AK7: =IF(ISNUMBER($Q7),IF($Q7>=100,20,IF($Q7>=30,10,0)),0)+IF(ISNUMBER($R7),IF($R7>=100,20,0),0)+IF(ISNUMBER($P7),IF($P7>=150,20,IF($P7>=50,12,5)),0)+IF(ISNUMBER($S7),IF($S7<=1,15,0),0) | AL7: 355 | AN7: Secondary/approx; NOT verified on Amazon.ca | AO7: BLANK -> requires live Amazon.ca capture | AP7: Unverified commercial data
A8: OLIPOP | B8: OLIPOP Prebiotic Soda | Classic Root Beer | single 355mL | C8: 3) Functional beverage (still/sparkling) | D8: 355 mL can | E8: 1 | G8: =IF(AND(ISNUMBER($F8),ISNUMBER($E8),$E8<>0),$F8/$E8,"") | H8: =IF(AND(ISNUMBER($F8),ISNUMBER($AL8),ISNUMBER($E8),($AL8*$E8)<>0),$F8/($AL8*$E8)*100,"") | K8: =IF(AND(ISNUMBER($F8),ISNUMBER($J8)),$F8*(1-$J8),"") | N8: =IF(ISNUMBER($F8),($F8-IF(ISNUMBER($AM8),$AM8,0))*(1-IF(ISNUMBER($J8),$J8,0)),"") | O8: Classic Root Beer | P8: 0 | Q8: 30 | R8: Not listed | S8: 4 | T8: 45 | U8: Stevia + cassava syrup | V8: 9 g prebiotic fiber, gut/digestive health, low sugar | AA8: Very High | AB8: Category-leading prebiotic soda; viral DTC + retail | AC8: Soda nostalgia that's actually good for your gut | AD8: Classic soda taste with 9 g fiber and almost no sugar. | AF8: =IF(AND(ISNUMBER($P8),ISNUMBER($AL8),$AL8<>0),ROUND($P8/$AL8*100,1),"") | AG8: =IF(AND(ISNUMBER($S8),ISNUMBER($AL8),$AL8<>0),ROUND($S8/$AL8*100,2),"") | AH8: =IF(AND(ISNUMBER($Q8),ISNUMBER($AL8),$AL8<>0),ROUND($Q8/$AL8*100,1),"") | AI8: =IF(ISNUMBER($S8),IF($S8<=1,"Yes","No"),"n/a") | AJ8: =IF(ISNUMBER($S8),ROUND(MAX(0,MIN(100,100-$S8*2.5-IF(ISNUMBER($T8),$T8,0)*0.12+IF($S8<=1,12,0))),0),"") | AK8: =IF(ISNUMBER($Q8),IF($Q8>=100,20,IF($Q8>=30,10,0)),0)+IF(ISNUMBER($R8),IF($R8>=100,20,0),0)+IF(ISNUMBER($P8),IF($P8>=150,20,IF($P8>=50,12,5)),0)+IF(ISNUMBER($S8),IF($S8<=1,15,0),0) | AL8: 355 | AN8: Secondary/approx; NOT verified on Amazon.ca | AO8: BLANK -> requires live Amazon.ca capture | AP8: Unverified commercial data
A9: OLIPOP | B9: OLIPOP Prebiotic Soda | Classic Root Beer | 8-pack 355mL | C9: 3) Functional beverage (still/sparkling) | D9: 355 mL can | E9: 8 | G9: =IF(AND(ISNUMBER($F9),ISNUMBER($E9),$E9<>0),$F9/$E9,"") | H9: =IF(AND(ISNUMBER($F9),ISNUMBER($AL9),ISNUMBER($E9),($AL9*$E9)<>0),$F9/($AL9*$E9)*100,"") | K9: =IF(AND(ISNUMBER($F9),ISNUMBER($J9)),$F9*(1-$J9),"") | N9: =IF(ISNUMBER($F9),($F9-IF(ISNUMBER($AM9),$AM9,0))*(1-IF(ISNUMBER($J9),$J9,0)),"") | O9: Classic Root Beer | P9: 0 | Q9: 30 | R9: Not listed | S9: 4 | T9: 45 | U9: Stevia + cassava syrup | V9: 9 g prebiotic fiber, gut/digestive health, low sugar | AA9: Very High | AB9: Category-leading prebiotic soda; viral DTC + retail | AC9: Soda nostalgia that's actually good for your gut | AD9: Classic soda taste with 9 g fiber and almost no sugar. | AF9: =IF(AND(ISNUMBER($P9),ISNUMBER($AL9),$AL9<>0),ROUND($P9/$AL9*100,1),"") | AG9: =IF(AND(ISNUMBER($S9),ISNUMBER($AL9),$AL9<>0),ROUND($S9/$AL9*100,2),"") | AH9: =IF(AND(ISNUMBER($Q9),ISNUMBER($AL9),$AL9<>0),ROUND($Q9/$AL9*100,1),"") | AI9: =IF(ISNUMBER($S9),IF($S9<=1,"Yes","No"),"n/a") | AJ9: =IF(ISNUMBER($S9),ROUND(MAX(0,MIN(100,100-$S9*2.5-IF(ISNUMBER($T9),$T9,0)*0.12+IF($S9<=1,12,0))),0),"") | AK9: =IF(ISNUMBER($Q9),IF($Q9>=100,20,IF($Q9>=30,10,0)),0)+IF(ISNUMBER($R9),IF($R9>=100,20,0),0)+IF(ISNUMBER($P9),IF($P9>=150,20,IF($P9>=50,12,5)),0)+IF(ISNUMBER($S9),IF($S9<=1,15,0),0) | AL9: 355 | AN9: Secondary/approx; NOT verified on Amazon.ca | AO9: BLANK -> requires live Amazon.ca capture | AP9: Unverified commercial data
A10: OLIPOP | B10: OLIPOP Prebiotic Soda | Classic Root Beer | 12-pack 355mL | C10: 3) Functional beverage (still/sparkling) | D10: 355 mL can | E10: 12 | G10: =IF(AND(ISNUMBER($F10),ISNUMBER($E10),$E10<>0),$F10/$E10,"") | H10: =IF(AND(ISNUMBER($F10),ISNUMBER($AL10),ISNUMBER($E10),($AL10*$E10)<>0),$F10/($AL10*$E10)*100,"") | K10: =IF(AND(ISNUMBER($F10),ISNUMBER($J10)),$F10*(1-$J10),"") | N10: =IF(ISNUMBER($F10),($F10-IF(ISNUMBER($AM10),$AM10,0))*(1-IF(ISNUMBER($J10),$J10,0)),"") | O10: Classic Root Beer | P10: 0 | Q10: 30 | R10: Not listed | S10: 4 | T10: 45 | U10: Stevia + cassava syrup | V10: 9 g prebiotic fiber, gut/digestive health, low sugar | AA10: Very High | AB10: Category-leading prebiotic soda; viral DTC + retail | AC10: Soda nostalgia that's actually good for your gut | AD10: Classic soda taste with 9 g fiber and almost no sugar. | AF10: =IF(AND(ISNUMBER($P10),ISNUMBER($AL10),$AL10<>0),ROUND($P10/$AL10*100,1),"") | AG10: =IF(AND(ISNUMBER($S10),ISNUMBER($AL10),$AL10<>0),ROUND($S10/$AL10*100,2),"") | AH10: =IF(AND(ISNUMBER($Q10),ISNUMBER($AL10),$AL10<>0),ROUND($Q10/$AL10*100,1),"") | AI10: =IF(ISNUMBER($S10),IF($S10<=1,"Yes","No"),"n/a") | AJ10: =IF(ISNUMBER($S10),ROUND(MAX(0,MIN(100,100-$S10*2.5-IF(ISNUMBER($T10),$T10,0)*0.12+IF($S10<=1,12,0))),0),"") | AK10: =IF(ISNUMBER($Q10),IF($Q10>=100,20,IF($Q10>=30,10,0)),0)+IF(ISNUMBER($R10),IF($R10>=100,20,0),0)+IF(ISNUMBER($P10),IF($P10>=150,20,IF($P10>=50,12,5)),0)+IF(ISNUMBER($S10),IF($S10<=1,15,0),0) | AL10: 355 | AN10: Secondary/approx; NOT verified on Amazon.ca | AO10: BLANK -> requires live Amazon.ca capture | AP10: Unverified commercial data
A11: OLIPOP | B11: OLIPOP Prebiotic Soda | Classic Root Beer | 15-pack 355mL | C11: 3) Functional beverage (still/sparkling) | D11: 355 mL can | E11: 15 | G11: =IF(AND(ISNUMBER($F11),ISNUMBER($E11),$E11<>0),$F11/$E11,"") | H11: =IF(AND(ISNUMBER($F11),ISNUMBER($AL11),ISNUMBER($E11),($AL11*$E11)<>0),$F11/($AL11*$E11)*100,"") | K11: =IF(AND(ISNUMBER($F11),ISNUMBER($J11)),$F11*(1-$J11),"") | N11: =IF(ISNUMBER($F11),($F11-IF(ISNUMBER($AM11),$AM11,0))*(1-IF(ISNUMBER($J11),$J11,0)),"") | O11: Classic Root Beer | P11: 0 | Q11: 30 | R11: Not listed | S11: 4 | T11: 45 | U11: Stevia + cassava syrup | V11: 9 g prebiotic fiber, gut/digestive health, low sugar | AA11: Very High | AB11: Category-leading prebiotic soda; viral DTC + retail | AC11: Soda nostalgia that's actually good for your gut | AD11: Classic soda taste with 9 g fiber and almost no sugar. | AF11: =IF(AND(ISNUMBER($P11),ISNUMBER($AL11),$AL11<>0),ROUND($P11/$AL11*100,1),"") | AG11: =IF(AND(ISNUMBER($S11),ISNUMBER($AL11),$AL11<>0),ROUND($S11/$AL11*100,2),"") | AH11: =IF(AND(ISNUMBER($Q11),ISNUMBER($AL11),$AL11<>0),ROUND($Q11/$AL11*100,1),"") | AI11: =IF(ISNUMBER($S11),IF($S11<=1,"Yes","No"),"n/a") | AJ11: =IF(ISNUMBER($S11),ROUND(MAX(0,MIN(100,100-$S11*2.5-IF(ISNUMBER($T11),$T11,0)*0.12+IF($S11<=1,12,0))),0),"") | AK11: =IF(ISNUMBER($Q11),IF($Q11>=100,20,IF($Q11>=30,10,0)),0)+IF(ISNUMBER($R11),IF($R11>=100,20,0),0)+IF(ISNUMBER($P11),IF($P11>=150,20,IF($P11>=50,12,5)),0)+IF(ISNUMBER($S11),IF($S11<=1,15,0),0) | AL11: 355 | AN11: Secondary/approx; NOT verified on Amazon.ca | AO11: BLANK -> requires live Amazon.ca capture | AP11: Unverified commercial data
A12: OLIPOP | B12: OLIPOP Prebiotic Soda | Classic Root Beer | 18-pack 355mL | C12: 3) Functional beverage (still/sparkling) | D12: 355 mL can | E12: 18 | G12: =IF(AND(ISNUMBER($F12),ISNUMBER($E12),$E12<>0),$F12/$E12,"") | H12: =IF(AND(ISNUMBER($F12),ISNUMBER($AL12),ISNUMBER($E12),($AL12*$E12)<>0),$F12/($AL12*$E12)*100,"") | K12: =IF(AND(ISNUMBER($F12),ISNUMBER($J12)),$F12*(1-$J12),"") | N12: =IF(ISNUMBER($F12),($F12-IF(ISNUMBER($AM12),$AM12,0))*(1-IF(ISNUMBER($J12),$J12,0)),"") | O12: Classic Root Beer | P12: 0 | Q12: 30 | R12: Not listed | S12: 4 | T12: 45 | U12: Stevia + cassava syrup | V12: 9 g prebiotic fiber, gut/digestive health, low sugar | AA12: Very High | AB12: Category-leading prebiotic soda; viral DTC + retail | AC12: Soda nostalgia that's actually good for your gut | AD12: Classic soda taste with 9 g fiber and almost no sugar. | AF12: =IF(AND(ISNUMBER($P12),ISNUMBER($AL12),$AL12<>0),ROUND($P12/$AL12*100,1),"") | AG12: =IF(AND(ISNUMBER($S12),ISNUMBER($AL12),$AL12<>0),ROUND($S12/$AL12*100,2),"") | AH12: =IF(AND(ISNUMBER($Q12),ISNUMBER($AL12),$AL12<>0),ROUND($Q12/$AL12*100,1),"") | AI12: =IF(ISNUMBER($S12),IF($S12<=1,"Yes","No"),"n/a") | AJ12: =IF(ISNUMBER($S12),ROUND(MAX(0,MIN(100,100-$S12*2.5-IF(ISNUMBER($T12),$T12,0)*0.12+IF($S12<=1,12,0))),0),"") | AK12: =IF(ISNUMBER($Q12),IF($Q12>=100,20,IF($Q12>=30,10,0)),0)+IF(ISNUMBER($R12),IF($R12>=100,20,0),0)+IF(ISNUMBER($P12),IF($P12>=150,20,IF($P12>=50,12,5)),0)+IF(ISNUMBER($S12),IF($S12<=1,15,0),0) | AL12: 355 | AN12: Secondary/approx; NOT verified on Amazon.ca | AO12: BLANK -> requires live Amazon.ca capture | AP12: Unverified commercial data
A13: OLIPOP | B13: OLIPOP Prebiotic Soda | Classic Root Beer | 24-pack 355mL | C13: 3) Functional beverage (still/sparkling) | D13: 355 mL can | E13: 24 | G13: =IF(AND(ISNUMBER($F13),ISNUMBER($E13),$E13<>0),$F13/$E13,"") | H13: =IF(AND(ISNUMBER($F13),ISNUMBER($AL13),ISNUMBER($E13),($AL13*$E13)<>0),$F13/($AL13*$E13)*100,"") | K13: =IF(AND(ISNUMBER($F13),ISNUMBER($J13)),$F13*(1-$J13),"") | N13: =IF(ISNUMBER($F13),($F13-IF(ISNUMBER($AM13),$AM13,0))*(1-IF(ISNUMBER($J13),$J13,0)),"") | O13: Classic Root Beer | P13: 0 | Q13: 30 | R13: Not listed | S13: 4 | T13: 45 | U13: Stevia + cassava syrup | V13: 9 g prebiotic fiber, gut/digestive health, low sugar | AA13: Very High | AB13: Category-leading prebiotic soda; viral DTC + retail | AC13: Soda nostalgia that's actually good for your gut | AD13: Classic soda taste with 9 g fiber and almost no sugar. | AF13: =IF(AND(ISNUMBER($P13),ISNUMBER($AL13),$AL13<>0),ROUND($P13/$AL13*100,1),"") | AG13: =IF(AND(ISNUMBER($S13),ISNUMBER($AL13),$AL13<>0),ROUND($S13/$AL13*100,2),"") | AH13: =IF(AND(ISNUMBER($Q13),ISNUMBER($AL13),$AL13<>0),ROUND($Q13/$AL13*100,1),"") | AI13: =IF(ISNUMBER($S13),IF($S13<=1,"Yes","No"),"n/a") | AJ13: =IF(ISNUMBER($S13),ROUND(MAX(0,MIN(100,100-$S13*2.5-IF(ISNUMBER($T13),$T13,0)*0.12+IF($S13<=1,12,0))),0),"") | AK13: =IF(ISNUMBER($Q13),IF($Q13>=100,20,IF($Q13>=30,10,0)),0)+IF(ISNUMBER($R13),IF($R13>=100,20,0),0)+IF(ISNUMBER($P13),IF($P13>=150,20,IF($P13>=50,12,5)),0)+IF(ISNUMBER($S13),IF($S13<=1,15,0),0) | AL13: 355 | AN13: Secondary/approx; NOT verified on Amazon.ca | AO13: BLANK -> requires live Amazon.ca capture | AP13: Unverified commercial data
... A429: wildwonder | B429: wildwonder Sparkling Prebiotic+Probiotic | Pineapple Mango | 24-pack 355mL | C429: 3) Functional beverage (still/sparkling) | D429: 355 mL can | E429: 24 | G429: =IF(AND(ISNUMBER($F429),ISNUMBER($E429),$E429<>0),$F429/$E429,"") | H429: =IF(AND(ISNUMBER($F429),ISNUMBER($AL429),ISNUMBER($E429),($AL429*$E429)<>0),$F429/($AL429*$E429)*100,"") | K429: =IF(AND(ISNUMBER($F429),ISNUMBER($J429)),$F429*(1-$J429),"") | N429: =IF(ISNUMBER($F429),($F429-IF(ISNUMBER($AM429),$AM429,0))*(1-IF(ISNUMBER($J429),$J429,0)),"") | O429: Pineapple Mango | P429: 0 | Q429: 15 | R429: Not listed | S429: 6 | T429: 45 | U429: Cane sugar + chicory inulin | V429: Prebiotics + probiotics, organic botanicals, gut health, low sugar | AA429: Low | AB429: Emerging female/AAPI-founded gut-health brand | AC429: Botanical gut-health soda with pre + probiotics | AD429: Both prebiotics and probiotics plus organic botanicals. | AF429: =IF(AND(ISNUMBER($P429),ISNUMBER($AL429),$AL429<>0),ROUND($P429/$AL429*100,1),"") | AG429: =IF(AND(ISNUMBER($S429),ISNUMBER($AL429),$AL429<>0),ROUND($S429/$AL429*100,2),"") | AH429: =IF(AND(ISNUMBER($Q429),ISNUMBER($AL429),$AL429<>0),ROUND($Q429/$AL429*100,1),"") | AI429: =IF(ISNUMBER($S429),IF($S429<=1,"Yes","No"),"n/a") | AJ429: =IF(ISNUMBER($S429),ROUND(MAX(0,MIN(100,100-$S429*2.5-IF(ISNUMBER($T429),$T429,0)*0.12+IF($S429<=1,12,0))),0),"") | AK429: =IF(ISNUMBER($Q429),IF($Q429>=100,20,IF($Q429>=30,10,0)),0)+IF(ISNUMBER($R429),IF($R429>=100,20,0),0)+IF(ISNUMBER($P429),IF($P429>=150,20,IF($P429>=50,12,5)),0)+IF(ISNUMBER($S429),IF($S429<=1,15,0),0) | AL429: 355 | AN429: Secondary/approx; NOT verified on Amazon.ca | AO429: BLANK -> requires live Amazon.ca capture | AP429: Unverified commercial data
A430: Lemon Perfect | B430: Lemon Perfect Cold-Pressed Lemon Water | Just Lemon | single 355mL | C430: 3) Functional beverage (still/sparkling) | D430: 355 mL bottle | E430: 1 | G430: =IF(AND(ISNUMBER($F430),ISNUMBER($E430),$E430<>0),$F430/$E430,"") | H430: =IF(AND(ISNUMBER($F430),ISNUMBER($AL430),ISNUMBER($E430),($AL430*$E430)<>0),$F430/($AL430*$E430)*100,"") | K430: =IF(AND(ISNUMBER($F430),ISNUMBER($J430)),$F430*(1-$J430),"") | N430: =IF(ISNUMBER($F430),($F430-IF(ISNUMBER($AM430),$AM430,0))*(1-IF(ISNUMBER($J430),$J430,0)),"") | O430: Just Lemon | P430: 0 | Q430: 20 | R430: 70 | S430: 1 | T430: 5 | U430: Stevia + monk fruit | V430: Cold-pressed lemon, vitamin C, electrolytes, low sugar, organic | AA430: Low | AB430: Emerging functional lemon-water entrant | AC430: Organic lemon water with vitamin C and electrolytes | AD430: Clean lemon-water hydration with vitamin C, barely any sugar. | AF430: =IF(AND(ISNUMBER($P430),ISNUMBER($AL430),$AL430<>0),ROUND($P430/$AL430*100,1),"") | AG430: =IF(AND(ISNUMBER($S430),ISNUMBER($AL430),$AL430<>0),ROUND($S430/$AL430*100,2),"") | AH430: =IF(AND(ISNUMBER($Q430),ISNUMBER($AL430),$AL430<>0),ROUND($Q430/$AL430*100,1),"") | AI430: =IF(ISNUMBER($S430),IF($S430<=1,"Yes","No"),"n/a") | AJ430: =IF(ISNUMBER($S430),ROUND(MAX(0,MIN(100,100-$S430*2.5-IF(ISNUMBER($T430),$T430,0)*0.12+IF($S430<=1,12,0))),0),"") | AK430: =IF(ISNUMBER($Q430),IF($Q430>=100,20,IF($Q430>=30,10,0)),0)+IF(ISNUMBER($R430),IF($R430>=100,20,0),0)+IF(ISNUMBER($P430),IF($P430>=150,20,IF($P430>=50,12,5)),0)+IF(ISNUMBER($S430),IF($S430<=1,15,0),0) | AL430: 355 | AN430: Secondary/approx; NOT verified on Amazon.ca | AO430: BLANK -> requires live Amazon.ca capture | AP430: Unverified commercial data
A431: Lemon Perfect | B431: Lemon Perfect Cold-Pressed Lemon Water | Just Lemon | 8-pack 355mL | C431: 3) Functional beverage (still/sparkling) | D431: 355 mL bottle | E431: 8 | G431: =IF(AND(ISNUMBER($F431),ISNUMBER($E431),$E431<>0),$F431/$E431,"") | H431: =IF(AND(ISNUMBER($F431),ISNUMBER($AL431),ISNUMBER($E431),($AL431*$E431)<>0),$F431/($AL431*$E431)*100,"") | K431: =IF(AND(ISNUMBER($F431),ISNUMBER($J431)),$F431*(1-$J431),"") | N431: =IF(ISNUMBER($F431),($F431-IF(ISNUMBER($AM431),$AM431,0))*(1-IF(ISNUMBER($J431),$J431,0)),"") | O431: Just Lemon | P431: 0 | Q431: 20 | R431: 70 | S431: 1 | T431: 5 | U431: Stevia + monk fruit | V431: Cold-pressed lemon, vitamin C, electrolytes, low sugar, organic | AA431: Low | AB431: Emerging functional lemon-water entrant | AC431: Organic lemon water with vitamin C and electrolytes | AD431: Clean lemon-water hydration with vitamin C, barely any sugar. | AF431: =IF(AND(ISNUMBER($P431),ISNUMBER($AL431),$AL431<>0),ROUND($P431/$AL431*100,1),"") | AG431: =IF(AND(ISNUMBER($S431),ISNUMBER($AL431),$AL431<>0),ROUND($S431/$AL431*100,2),"") | AH431: =IF(AND(ISNUMBER($Q431),ISNUMBER($AL431),$AL431<>0),ROUND($Q431/$AL431*100,1),"") | AI431: =IF(ISNUMBER($S431),IF($S431<=1,"Yes","No"),"n/a") | AJ431: =IF(ISNUMBER($S431),ROUND(MAX(0,MIN(100,100-$S431*2.5-IF(ISNUMBER($T431),$T431,0)*0.12+IF($S431<=1,12,0))),0),"") | AK431: =IF(ISNUMBER($Q431),IF($Q431>=100,20,IF($Q431>=30,10,0)),0)+IF(ISNUMBER($R431),IF($R431>=100,20,0),0)+IF(ISNUMBER($P431),IF($P431>=150,20,IF($P431>=50,12,5)),0)+IF(ISNUMBER($S431),IF($S431<=1,15,0),0) | AL431: 355 | AN431: Secondary/approx; NOT verified on Amazon.ca | AO431: BLANK -> requires live Amazon.ca capture | AP431: Unverified commercial data
A432: Lemon Perfect | B432: Lemon Perfect Cold-Pressed Lemon Water | Just Lemon | 12-pack 355mL | C432: 3) Functional beverage (still/sparkling) | D432: 355 mL bottle | E432: 12 | G432: =IF(AND(ISNUMBER($F432),ISNUMBER($E432),$E432<>0),$F432/$E432,"") | H432: =IF(AND(ISNUMBER($F432),ISNUMBER($AL432),ISNUMBER($E432),($AL432*$E432)<>0),$F432/($AL432*$E432)*100,"") | K432: =IF(AND(ISNUMBER($F432),ISNUMBER($J432)),$F432*(1-$J432),"") | N432: =IF(ISNUMBER($F432),($F432-IF(ISNUMBER($AM432),$AM432,0))*(1-IF(ISNUMBER($J432),$J432,0)),"") | O432: Just Lemon | P432: 0 | Q432: 20 | R432: 70 | S432: 1 | T432: 5 | U432: Stevia + monk fruit | V432: Cold-pressed lemon, vitamin C, electrolytes, low sugar, organic | AA432: Low | AB432: Emerging functional lemon-water entrant | AC432: Organic lemon water with vitamin C and electrolytes | AD432: Clean lemon-water hydration with vitamin C, barely any sugar. | AF432: =IF(AND(ISNUMBER($P432),ISNUMBER($AL432),$AL432<>0),ROUND($P432/$AL432*100,1),"") | AG432: =IF(AND(ISNUMBER($S432),ISNUMBER($AL432),$AL432<>0),ROUND($S432/$AL432*100,2),"") | AH432: =IF(AND(ISNUMBER($Q432),ISNUMBER($AL432),$AL432<>0),ROUND($Q432/$AL432*100,1),"") | AI432: =IF(ISNUMBER($S432),IF($S432<=1,"Yes","No"),"n/a") | AJ432: =IF(ISNUMBER($S432),ROUND(MAX(0,MIN(100,100-$S432*2.5-IF(ISNUMBER($T432),$T432,0)*0.12+IF($S432<=1,12,0))),0),"") | AK432: =IF(ISNUMBER($Q432),IF($Q432>=100,20,IF($Q432>=30,10,0)),0)+IF(ISNUMBER($R432),IF($R432>=100,20,0),0)+IF(ISNUMBER($P432),IF($P432>=150,20,IF($P432>=50,12,5)),0)+IF(ISNUMBER($S432),IF($S432<=1,15,0),0) | AL432: 355 | AN432: Secondary/approx; NOT verified on Amazon.ca | AO432: BLANK -> requires live Amazon.ca capture | AP432: Unverified commercial data
A433: Lemon Perfect | B433: Lemon Perfect Cold-Pressed Lemon Water | Just Lemon | 15-pack 355mL | C433: 3) Functional beverage (still/sparkling) | D433: 355 mL bottle | E433: 15 | G433: =IF(AND(ISNUMBER($F433),ISNUMBER($E433),$E433<>0),$F433/$E433,"") | H433: =IF(AND(ISNUMBER($F433),ISNUMBER($AL433),ISNUMBER($E433),($AL433*$E433)<>0),$F433/($AL433*$E433)*100,"") | K433: =IF(AND(ISNUMBER($F433),ISNUMBER($J433)),$F433*(1-$J433),"") | N433: =IF(ISNUMBER($F433),($F433-IF(ISNUMBER($AM433),$AM433,0))*(1-IF(ISNUMBER($J433),$J433,0)),"") | O433: Just Lemon | P433: 0 | Q433: 20 | R433: 70 | S433: 1 | T433: 5 | U433: Stevia + monk fruit | V433: Cold-pressed lemon, vitamin C, electrolytes, low sugar, organic | AA433: Low | AB433: Emerging functional lemon-water entrant | AC433: Organic lemon water with vitamin C and electrolytes | AD433: Clean lemon-water hydration with vitamin C, barely any sugar. | AF433: =IF(AND(ISNUMBER($P433),ISNUMBER($AL433),$AL433<>0),ROUND($P433/$AL433*100,1),"") | AG433: =IF(AND(ISNUMBER($S433),ISNUMBER($AL433),$AL433<>0),ROUND($S433/$AL433*100,2),"") | AH433: =IF(AND(ISNUMBER($Q433),ISNUMBER($AL433),$AL433<>0),ROUND($Q433/$AL433*100,1),"") | AI433: =IF(ISNUMBER($S433),IF($S433<=1,"Yes","No"),"n/a") | AJ433: =IF(ISNUMBER($S433),ROUND(MAX(0,MIN(100,100-$S433*2.5-IF(ISNUMBER($T433),$T433,0)*0.12+IF($S433<=1,12,0))),0),"") | AK433: =IF(ISNUMBER($Q433),IF($Q433>=100,20,IF($Q433>=30,10,0)),0)+IF(ISNUMBER($R433),IF($R433>=100,20,0),0)+IF(ISNUMBER($P433),IF($P433>=150,20,IF($P433>=50,12,5)),0)+IF(ISNUMBER($S433),IF($S433<=1,15,0),0) | AL433: 355 | AN433: Secondary/approx; NOT verified on Amazon.ca | AO433: BLANK -> requires live Amazon.ca capture | AP433: Unverified commercial data
A434: Lemon Perfect | B434: Lemon Perfect Cold-Pressed Lemon Water | Just Lemon | 18-pack 355mL | C434: 3) Functional beverage (still/sparkling) | D434: 355 mL bottle | E434: 18 | G434: =IF(AND(ISNUMBER($F434),ISNUMBER($E434),$E434<>0),$F434/$E434,"") | H434: =IF(AND(ISNUMBER($F434),ISNUMBER($AL434),ISNUMBER($E434),($AL434*$E434)<>0),$F434/($AL434*$E434)*100,"") | K434: =IF(AND(ISNUMBER($F434),ISNUMBER($J434)),$F434*(1-$J434),"") | N434: =IF(ISNUMBER($F434),($F434-IF(ISNUMBER($AM434),$AM434,0))*(1-IF(ISNUMBER($J434),$J434,0)),"") | O434: Just Lemon | P434: 0 | Q434: 20 | R434: 70 | S434: 1 | T434: 5 | U434: Stevia + monk fruit | V434: Cold-pressed lemon, vitamin C, electrolytes, low sugar, organic | AA434: Low | AB434: Emerging functional lemon-water entrant | AC434: Organic lemon water with vitamin C and electrolytes | AD434: Clean lemon-water hydration with vitamin C, barely any sugar. | AF434: =IF(AND(ISNUMBER($P434),ISNUMBER($AL434),$AL434<>0),ROUND($P434/$AL434*100,1),"") | AG434: =IF(AND(ISNUMBER($S434),ISNUMBER($AL434),$AL434<>0),ROUND($S434/$AL434*100,2),"") | AH434: =IF(AND(ISNUMBER($Q434),ISNUMBER($AL434),$AL434<>0),ROUND($Q434/$AL434*100,1),"") | AI434: =IF(ISNUMBER($S434),IF($S434<=1,"Yes","No"),"n/a") | AJ434: =IF(ISNUMBER($S434),ROUND(MAX(0,MIN(100,100-$S434*2.5-IF(ISNUMBER($T434),$T434,0)*0.12+IF($S434<=1,12,0))),0),"") | AK434: =IF(ISNUMBER($Q434),IF($Q434>=100,20,IF($Q434>=30,10,0)),0)+IF(ISNUMBER($R434),IF($R434>=100,20,0),0)+IF(ISNUMBER($P434),IF($P434>=150,20,IF($P434>=50,12,5)),0)+IF(ISNUMBER($S434),IF($S434<=1,15,0),0) | AL434: 355 | AN434: Secondary/approx; NOT verified on Amazon.ca | AO434: BLANK -> requires live Amazon.ca capture | AP434: Unverified commercial data
A435: Lemon Perfect | B435: Lemon Perfect Cold-Pressed Lemon Water | Just Lemon | 24-pack 355mL | C435: 3) Functional beverage (still/sparkling) | D435: 355 mL bottle | E435: 24 | G435: =IF(AND(ISNUMBER($F435),ISNUMBER($E435),$E435<>0),$F435/$E435,"") | H435: =IF(AND(ISNUMBER($F435),ISNUMBER($AL435),ISNUMBER($E435),($AL435*$E435)<>0),$F435/($AL435*$E435)*100,"") | K435: =IF(AND(ISNUMBER($F435),ISNUMBER($J435)),$F435*(1-$J435),"") | N435: =IF(ISNUMBER($F435),($F435-IF(ISNUMBER($AM435),$AM435,0))*(1-IF(ISNUMBER($J435),$J435,0)),"") | O435: Just Lemon | P435: 0 | Q435: 20 | R435: 70 | S435: 1 | T435: 5 | U435: Stevia + monk fruit | V435: Cold-pressed lemon, vitamin C, electrolytes, low sugar, organic | AA435: Low | AB435: Emerging functional lemon-water entrant | AC435: Organic lemon water with vitamin C and electrolytes | AD435: Clean lemon-water hydration with vitamin C, barely any sugar. | AF435: =IF(AND(ISNUMBER($P435),ISNUMBER($AL435),$AL435<>0),ROUND($P435/$AL435*100,1),"") | AG435: =IF(AND(ISNUMBER($S435),ISNUMBER($AL435),$AL435<>0),ROUND($S435/$AL435*100,2),"") | AH435: =IF(AND(ISNUMBER($Q435),ISNUMBER($AL435),$AL435<>0),ROUND($Q435/$AL435*100,1),"") | AI435: =IF(ISNUMBER($S435),IF($S435<=1,"Yes","No"),"n/a") | AJ435: =IF(ISNUMBER($S435),ROUND(MAX(0,MIN(100,100-$S435*2.5-IF(ISNUMBER($T435),$T435,0)*0.12+IF($S435<=1,12,0))),0),"") | AK435: =IF(ISNUMBER($Q435),IF($Q435>=100,20,IF($Q435>=30,10,0)),0)+IF(ISNUMBER($R435),IF($R435>=100,20,0),0)+IF(ISNUMBER($P435),IF($P435>=150,20,IF($P435>=50,12,5)),0)+IF(ISNUMBER($S435),IF($S435<=1,15,0),0) | AL435: 355 | AN435: Secondary/approx; NOT verified on Amazon.ca | AO435: BLANK -> requires live Amazon.ca capture | AP435: Unverified commercial data
A436: Lemon Perfect | B436: Lemon Perfect Cold-Pressed Lemon Water | Peach Raspberry | single 355mL | C436: 3) Functional beverage (still/sparkling) | D436: 355 mL bottle | E436: 1 | G436: =IF(AND(ISNUMBER($F436),ISNUMBER($E436),$E436<>0),$F436/$E436,"") | H436: =IF(AND(ISNUMBER($F436),ISNUMBER($AL436),ISNUMBER($E436),($AL436*$E436)<>0),$F436/($AL436*$E436)*100,"") | K436: =IF(AND(ISNUMBER($F436),ISNUMBER($J436)),$F436*(1-$J436),"") | N436: =IF(ISNUMBER($F436),($F436-IF(ISNUMBER($AM436),$AM436,0))*(1-IF(ISNUMBER($J436),$J436,0)),"") | O436: Peach Raspberry | P436: 0 | Q436: 20 | R436: 70 | S436: 1 | T436: 5 | U436: Stevia + monk fruit | V436: Cold-pressed lemon, vitamin C, electrolytes, low sugar, organic | AA436: Low | AB436: Emerging functional lemon-water entrant | AC436: Organic lemon water with vitamin C and electrolytes | AD436: Clean lemon-water hydration with vitamin C, barely any sugar. | AF436: =IF(AND(ISNUMBER($P436),ISNUMBER($AL436),$AL436<>0),ROUND($P436/$AL436*100,1),"") | AG436: =IF(AND(ISNUMBER($S436),ISNUMBER($AL436),$AL436<>0),ROUND($S436/$AL436*100,2),"") | AH436: =IF(AND(ISNUMBER($Q436),ISNUMBER($AL436),$AL436<>0),ROUND($Q436/$AL436*100,1),"") | AI436: =IF(ISNUMBER($S436),IF($S436<=1,"Yes","No"),"n/a") | AJ436: =IF(ISNUMBER($S436),ROUND(MAX(0,MIN(100,100-$S436*2.5-IF(ISNUMBER($T436),$T436,0)*0.12+IF($S436<=1,12,0))),0),"") | AK436: =IF(ISNUMBER($Q436),IF($Q436>=100,20,IF($Q436>=30,10,0)),0)+IF(ISNUMBER($R436),IF($R436>=100,20,0),0)+IF(ISNUMBER($P436),IF($P436>=150,20,IF($P436>=50,12,5)),0)+IF(ISNUMBER($S436),IF($S436<=1,15,0),0) | AL436: 355 | AN436: Secondary/approx; NOT verified on Amazon.ca | AO436: BLANK -> requires live Amazon.ca capture | AP436: Unverified commercial data
A437: Lemon Perfect | B437: Lemon Perfect Cold-Pressed Lemon Water | Peach Raspberry | 8-pack 355mL | C437: 3) Functional beverage (still/sparkling) | D437: 355 mL bottle | E437: 8 | G437: =IF(AND(ISNUMBER($F437),ISNUMBER($E437),$E437<>0),$F437/$E437,"") | H437: =IF(AND(ISNUMBER($F437),ISNUMBER($AL437),ISNUMBER($E437),($AL437*$E437)<>0),$F437/($AL437*$E437)*100,"") | K437: =IF(AND(ISNUMBER($F437),ISNUMBER($J437)),$F437*(1-$J437),"") | N437: =IF(ISNUMBER($F437),($F437-IF(ISNUMBER($AM437),$AM437,0))*(1-IF(ISNUMBER($J437),$J437,0)),"") | O437: Peach Raspberry | P437: 0 | Q437: 20 | R437: 70 | S437: 1 | T437: 5 | U437: Stevia + monk fruit | V437: Cold-pressed lemon, vitamin C, electrolytes, low sugar, organic | AA437: Low | AB437: Emerging functional lemon-water entrant | AC437: Organic lemon water with vitamin C and electrolytes | AD437: Clean lemon-water hydration with vitamin C, barely any sugar. | AF437: =IF(AND(ISNUMBER($P437),ISNUMBER($AL437),$AL437<>0),ROUND($P437/$AL437*100,1),"") | AG437: =IF(AND(ISNUMBER($S437),ISNUMBER($AL437),$AL437<>0),ROUND($S437/$AL437*100,2),"") | AH437: =IF(AND(ISNUMBER($Q437),ISNUMBER($AL437),$AL437<>0),ROUND($Q437/$AL437*100,1),"") | AI437: =IF(ISNUMBER($S437),IF($S437<=1,"Yes","No"),"n/a") | AJ437: =IF(ISNUMBER($S437),ROUND(MAX(0,MIN(100,100-$S437*2.5-IF(ISNUMBER($T437),$T437,0)*0.12+IF($S437<=1,12,0))),0),"") | AK437: =IF(ISNUMBER($Q437),IF($Q437>=100,20,IF($Q437>=30,10,0)),0)+IF(ISNUMBER($R437),IF($R437>=100,20,0),0)+IF(ISNUMBER($P437),IF($P437>=150,20,IF($P437>=50,12,5)),0)+IF(ISNUMBER($S437),IF($S437<=1,15,0),0) | AL437: 355 | AN437: Secondary/approx; NOT verified on Amazon.ca | AO437: BLANK -> requires live Amazon.ca capture | AP437: Unverified commercial data
A438: Lemon Perfect | B438: Lemon Perfect Cold-Pressed Lemon Water | Peach Raspberry | 12-pack 355mL | C438: 3) Functional beverage (still/sparkling) | D438: 355 mL bottle | E438: 12 | G438: =IF(AND(ISNUMBER($F438),ISNUMBER($E438),$E438<>0),$F438/$E438,"") | H438: =IF(AND(ISNUMBER($F438),ISNUMBER($AL438),ISNUMBER($E438),($AL438*$E438)<>0),$F438/($AL438*$E438)*100,"") | K438: =IF(AND(ISNUMBER($F438),ISNUMBER($J438)),$F438*(1-$J438),"") | N438: =IF(ISNUMBER($F438),($F438-IF(ISNUMBER($AM438),$AM438,0))*(1-IF(ISNUMBER($J438),$J438,0)),"") | O438: Peach Raspberry | P438: 0 | Q438: 20 | R438: 70 | S438: 1 | T438: 5 | U438: Stevia + monk fruit | V438: Cold-pressed lemon, vitamin C, electrolytes, low sugar, organic | AA438: Low | AB438: Emerging functional lemon-water entrant | AC438: Organic lemon water with vitamin C and electrolytes | AD438: Clean lemon-water hydration with vitamin C, barely any sugar. | AF438: =IF(AND(ISNUMBER($P438),ISNUMBER($AL438),$AL438<>0),ROUND($P438/$AL438*100,1),"") | AG438: =IF(AND(ISNUMBER($S438),ISNUMBER($AL438),$AL438<>0),ROUND($S438/$AL438*100,2),"") | AH438: =IF(AND(ISNUMBER($Q438),ISNUMBER($AL438),$AL438<>0),ROUND($Q438/$AL438*100,1),"") | AI438: =IF(ISNUMBER($S438),IF($S438<=1,"Yes","No"),"n/a") | AJ438: =IF(ISNUMBER($S438),ROUND(MAX(0,MIN(100,100-$S438*2.5-IF(ISNUMBER($T438),$T438,0)*0.12+IF($S438<=1,12,0))),0),"") | AK438: =IF(ISNUMBER($Q438),IF($Q438>=100,20,IF($Q438>=30,10,0)),0)+IF(ISNUMBER($R438),IF($R438>=100,20,0),0)+IF(ISNUMBER($P438),IF($P438>=150,20,IF($P438>=50,12,5)),0)+IF(ISNUMBER($S438),IF($S438<=1,15,0),0) | AL438: 355 | AN438: Secondary/approx; NOT verified on Amazon.ca | AO438: BLANK -> requires live Amazon.ca capture | AP438: Unverified commercial data
A439: Lemon Perfect | B439: Lemon Perfect Cold-Pressed Lemon Water | Peach Raspberry | 15-pack 355mL | C439: 3) Functional beverage (still/sparkling) | D439: 355 mL bottle | E439: 15 | G439: =IF(AND(ISNUMBER($F439),ISNUMBER($E439),$E439<>0),$F439/$E439,"") | H439: =IF(AND(ISNUMBER($F439),ISNUMBER($AL439),ISNUMBER($E439),($AL439*$E439)<>0),$F439/($AL439*$E439)*100,"") | K439: =IF(AND(ISNUMBER($F439),ISNUMBER($J439)),$F439*(1-$J439),"") | N439: =IF(ISNUMBER($F439),($F439-IF(ISNUMBER($AM439),$AM439,0))*(1-IF(ISNUMBER($J439),$J439,0)),"") | O439: Peach Raspberry | P439: 0 | Q439: 20 | R439: 70 | S439: 1 | T439: 5 | U439: Stevia + monk fruit | V439: Cold-pressed lemon, vitamin C, electrolytes, low sugar, organic | AA439: Low | AB439: Emerging functional lemon-water entrant | AC439: Organic lemon water with vitamin C and electrolytes | AD439: Clean lemon-water hydration with vitamin C, barely any sugar. | AF439: =IF(AND(ISNUMBER($P439),ISNUMBER($AL439),$AL439<>0),ROUND($P439/$AL439*100,1),"") | AG439: =IF(AND(ISNUMBER($S439),ISNUMBER($AL439),$AL439<>0),ROUND($S439/$AL439*100,2),"") | AH439: =IF(AND(ISNUMBER($Q439),ISNUMBER($AL439),$AL439<>0),ROUND($Q439/$AL439*100,1),"") | AI439: =IF(ISNUMBER($S439),IF($S439<=1,"Yes","No"),"n/a") | AJ439: =IF(ISNUMBER($S439),ROUND(MAX(0,MIN(100,100-$S439*2.5-IF(ISNUMBER($T439),$T439,0)*0.12+IF($S439<=1,12,0))),0),"") | AK439: =IF(ISNUMBER($Q439),IF($Q439>=100,20,IF($Q439>=30,10,0)),0)+IF(ISNUMBER($R439),IF($R439>=100,20,0),0)+IF(ISNUMBER($P439),IF($P439>=150,20,IF($P439>=50,12,5)),0)+IF(ISNUMBER($S439),IF($S439<=1,15,0),0) | AL439: 355 | AN439: Secondary/approx; NOT verified on Amazon.ca | AO439: BLANK -> requires live Amazon.ca capture | AP439: Unverified commercial data
A440: Lemon Perfect | B440: Lemon Perfect Cold-Pressed Lemon Water | Peach Raspberry | 18-pack 355mL | C440: 3) Functional beverage (still/sparkling) | D440: 355 mL bottle | E440: 18 | G440: =IF(AND(ISNUMBER($F440),ISNUMBER($E440),$E440<>0),$F440/$E440,"") | H440: =IF(AND(ISNUMBER($F440),ISNUMBER($AL440),ISNUMBER($E440),($AL440*$E440)<>0),$F440/($AL440*$E440)*100,"") | K440: =IF(AND(ISNUMBER($F440),ISNUMBER($J440)),$F440*(1-$J440),"") | N440: =IF(ISNUMBER($F440),($F440-IF(ISNUMBER($AM440),$AM440,0))*(1-IF(ISNUMBER($J440),$J440,0)),"") | O440: Peach Raspberry | P440: 0 | Q440: 20 | R440: 70 | S440: 1 | T440: 5 | U440: Stevia + monk fruit | V440: Cold-pressed lemon, vitamin C, electrolytes, low sugar, organic | AA440: Low | AB440: Emerging functional lemon-water entrant | AC440: Organic lemon water with vitamin C and electrolytes | AD440: Clean lemon-water hydration with vitamin C, barely any sugar. | AF440: =IF(AND(ISNUMBER($P440),ISNUMBER($AL440),$AL440<>0),ROUND($P440/$AL440*100,1),"") | AG440: =IF(AND(ISNUMBER($S440),ISNUMBER($AL440),$AL440<>0),ROUND($S440/$AL440*100,2),"") | AH440: =IF(AND(ISNUMBER($Q440),ISNUMBER($AL440),$AL440<>0),ROUND($Q440/$AL440*100,1),"") | AI440: =IF(ISNUMBER($S440),IF($S440<=1,"Yes","No"),"n/a") | AJ440: =IF(ISNUMBER($S440),ROUND(MAX(0,MIN(100,100-$S440*2.5-IF(ISNUMBER($T440),$T440,0)*0.12+IF($S440<=1,12,0))),0),"") | AK440: =IF(ISNUMBER($Q440),IF($Q440>=100,20,IF($Q440>=30,10,0)),0)+IF(ISNUMBER($R440),IF($R440>=100,20,0),0)+IF(ISNUMBER($P440),IF($P440>=150,20,IF($P440>=50,12,5)),0)+IF(ISNUMBER($S440),IF($S440<=1,15,0),0) | AL440: 355 | AN440: Secondary/approx; NOT verified on Amazon.ca | AO440: BLANK -> requires live Amazon.ca capture | AP440: Unverified commercial data
A441: Lemon Perfect | B441: Lemon Perfect Cold-Pressed Lemon Water | Peach Raspberry | 24-pack 355mL | C441: 3) Functional beverage (still/sparkling) | D441: 355 mL bottle | E441: 24 | G441: =IF(AND(ISNUMBER($F441),ISNUMBER($E441),$E441<>0),$F441/$E441,"") | H441: =IF(AND(ISNUMBER($F441),ISNUMBER($AL441),ISNUMBER($E441),($AL441*$E441)<>0),$F441/($AL441*$E441)*100,"") | K441: =IF(AND(ISNUMBER($F441),ISNUMBER($J441)),$F441*(1-$J441),"") | N441: =IF(ISNUMBER($F441),($F441-IF(ISNUMBER($AM441),$AM441,0))*(1-IF(ISNUMBER($J441),$J441,0)),"") | O441: Peach Raspberry | P441: 0 | Q441: 20 | R441: 70 | S441: 1 | T441: 5 | U441: Stevia + monk fruit | V441: Cold-pressed lemon, vitamin C, electrolytes, low sugar, organic | AA441: Low | AB441: Emerging functional lemon-water entrant | AC441: Organic lemon water with vitamin C and electrolytes | AD441: Clean lemon-water hydration with vitamin C, barely any sugar. | AF441: =IF(AND(ISNUMBER($P441),ISNUMBER($AL441),$AL441<>0),ROUND($P441/$AL441*100,1),"") | AG441: =IF(AND(ISNUMBER($S441),ISNUMBER($AL441),$AL441<>0),ROUND($S441/$AL441*100,2),"") | AH441: =IF(AND(ISNUMBER($Q441),ISNUMBER($AL441),$AL441<>0),ROUND($Q441/$AL441*100,1),"") | AI441: =IF(ISNUMBER($S441),IF($S441<=1,"Yes","No"),"n/a") | AJ441: =IF(ISNUMBER($S441),ROUND(MAX(0,MIN(100,100-$S441*2.5-IF(ISNUMBER($T441),$T441,0)*0.12+IF($S441<=1,12,0))),0),"") | AK441: =IF(ISNUMBER($Q441),IF($Q441>=100,20,IF($Q441>=30,10,0)),0)+IF(ISNUMBER($R441),IF($R441>=100,20,0),0)+IF(ISNUMBER($P441),IF($P441>=150,20,IF($P441>=50,12,5)),0)+IF(ISNUMBER($S441),IF($S441<=1,15,0),0) | AL441: 355 | AN441: Secondary/approx; NOT verified on Amazon.ca | AO441: BLANK -> requires live Amazon.ca capture | AP441: Unverified commercial data
... A459: Lemon Perfect | B459: Lemon Perfect Cold-Pressed Lemon Water | Strawberry Passionfruit | 24-pack 355mL | C459: 3) Functional beverage (still/sparkling) | D459: 355 mL bottle | E459: 24 | G459: =IF(AND(ISNUMBER($F459),ISNUMBER($E459),$E459<>0),$F459/$E459,"") | H459: =IF(AND(ISNUMBER($F459),ISNUMBER($AL459),ISNUMBER($E459),($AL459*$E459)<>0),$F459/($AL459*$E459)*100,"") | K459: =IF(AND(ISNUMBER($F459),ISNUMBER($J459)),$F459*(1-$J459),"") | N459: =IF(ISNUMBER($F459),($F459-IF(ISNUMBER($AM459),$AM459,0))*(1-IF(ISNUMBER($J459),$J459,0)),"") | O459: Strawberry Passionfruit | P459: 0 | Q459: 20 | R459: 70 | S459: 1 | T459: 5 | U459: Stevia + monk fruit | V459: Cold-pressed lemon, vitamin C, electrolytes, low sugar, organic | AA459: Low | AB459: Emerging functional lemon-water entrant | AC459: Organic lemon water with vitamin C and electrolytes | AD459: Clean lemon-water hydration with vitamin C, barely any sugar. | AF459: =IF(AND(ISNUMBER($P459),ISNUMBER($AL459),$AL459<>0),ROUND($P459/$AL459*100,1),"") | AG459: =IF(AND(ISNUMBER($S459),ISNUMBER($AL459),$AL459<>0),ROUND($S459/$AL459*100,2),"") | AH459: =IF(AND(ISNUMBER($Q459),ISNUMBER($AL459),$AL459<>0),ROUND($Q459/$AL459*100,1),"") | AI459: =IF(ISNUMBER($S459),IF($S459<=1,"Yes","No"),"n/a") | AJ459: =IF(ISNUMBER($S459),ROUND(MAX(0,MIN(100,100-$S459*2.5-IF(ISNUMBER($T459),$T459,0)*0.12+IF($S459<=1,12,0))),0),"") | AK459: =IF(ISNUMBER($Q459),IF($Q459>=100,20,IF($Q459>=30,10,0)),0)+IF(ISNUMBER($R459),IF($R459>=100,20,0),0)+IF(ISNUMBER($P459),IF($P459>=150,20,IF($P459>=50,12,5)),0)+IF(ISNUMBER($S459),IF($S459<=1,15,0),0) | AL459: 355 | AN459: Secondary/approx; NOT verified on Amazon.ca | AO459: BLANK -> requires live Amazon.ca capture | AP459: Unverified commercial data
A460: KeVita | B460: KeVita Sparkling Probiotic Drink | Lemon Ginger | single 440mL | C460: 3) Functional beverage (still/sparkling) | D460: 440 mL bottle | E460: 1 | G460: =IF(AND(ISNUMBER($F460),ISNUMBER($E460),$E460<>0),$F460/$E460,"") | H460: =IF(AND(ISNUMBER($F460),ISNUMBER($AL460),ISNUMBER($E460),($AL460*$E460)<>0),$F460/($AL460*$E460)*100,"") | K460: =IF(AND(ISNUMBER($F460),ISNUMBER($J460)),$F460*(1-$J460),"") | N460: =IF(ISNUMBER($F460),($F460-IF(ISNUMBER($AM460),$AM460,0))*(1-IF(ISNUMBER($J460),$J460,0)),"") | O460: Lemon Ginger | P460: 0 | Q460: 80 | R460: Not listed | S460: 5 | T460: 25 | U460: Stevia + juice | V460: Billions of probiotics, sparkling, gut health, low sugar | AA460: Medium | AB460: Mass probiotic drink (PepsiCo) | AC460: Sparkling probiotic for gut health | AD460: Probiotics in a light sparkling format. | AF460: =IF(AND(ISNUMBER($P460),ISNUMBER($AL460),$AL460<>0),ROUND($P460/$AL460*100,1),"") | AG460: =IF(AND(ISNUMBER($S460),ISNUMBER($AL460),$AL460<>0),ROUND($S460/$AL460*100,2),"") | AH460: =IF(AND(ISNUMBER($Q460),ISNUMBER($AL460),$AL460<>0),ROUND($Q460/$AL460*100,1),"") | AI460: =IF(ISNUMBER($S460),IF($S460<=1,"Yes","No"),"n/a") | AJ460: =IF(ISNUMBER($S460),ROUND(MAX(0,MIN(100,100-$S460*2.5-IF(ISNUMBER($T460),$T460,0)*0.12+IF($S460<=1,12,0))),0),"") | AK460: =IF(ISNUMBER($Q460),IF($Q460>=100,20,IF($Q460>=30,10,0)),0)+IF(ISNUMBER($R460),IF($R460>=100,20,0),0)+IF(ISNUMBER($P460),IF($P460>=150,20,IF($P460>=50,12,5)),0)+IF(ISNUMBER($S460),IF($S460<=1,15,0),0) | AL460: 440 | AN460: Secondary/approx; NOT verified on Amazon.ca | AO460: BLANK -> requires live Amazon.ca capture | AP460: Unverified commercial data
A461: KeVita | B461: KeVita Sparkling Probiotic Drink | Lemon Ginger | 8-pack 440mL | C461: 3) Functional beverage (still/sparkling) | D461: 440 mL bottle | E461: 8 | G461: =IF(AND(ISNUMBER($F461),ISNUMBER($E461),$E461<>0),$F461/$E461,"") | H461: =IF(AND(ISNUMBER($F461),ISNUMBER($AL461),ISNUMBER($E461),($AL461*$E461)<>0),$F461/($AL461*$E461)*100,"") | K461: =IF(AND(ISNUMBER($F461),ISNUMBER($J461)),$F461*(1-$J461),"") | N461: =IF(ISNUMBER($F461),($F461-IF(ISNUMBER($AM461),$AM461,0))*(1-IF(ISNUMBER($J461),$J461,0)),"") | O461: Lemon Ginger | P461: 0 | Q461: 80 | R461: Not listed | S461: 5 | T461: 25 | U461: Stevia + juice | V461: Billions of probiotics, sparkling, gut health, low sugar | AA461: Medium | AB461: Mass probiotic drink (PepsiCo) | AC461: Sparkling probiotic for gut health | AD461: Probiotics in a light sparkling format. | AF461: =IF(AND(ISNUMBER($P461),ISNUMBER($AL461),$AL461<>0),ROUND($P461/$AL461*100,1),"") | AG461: =IF(AND(ISNUMBER($S461),ISNUMBER($AL461),$AL461<>0),ROUND($S461/$AL461*100,2),"") | AH461: =IF(AND(ISNUMBER($Q461),ISNUMBER($AL461),$AL461<>0),ROUND($Q461/$AL461*100,1),"") | AI461: =IF(ISNUMBER($S461),IF($S461<=1,"Yes","No"),"n/a") | AJ461: =IF(ISNUMBER($S461),ROUND(MAX(0,MIN(100,100-$S461*2.5-IF(ISNUMBER($T461),$T461,0)*0.12+IF($S461<=1,12,0))),0),"") | AK461: =IF(ISNUMBER($Q461),IF($Q461>=100,20,IF($Q461>=30,10,0)),0)+IF(ISNUMBER($R461),IF($R461>=100,20,0),0)+IF(ISNUMBER($P461),IF($P461>=150,20,IF($P461>=50,12,5)),0)+IF(ISNUMBER($S461),IF($S461<=1,15,0),0) | AL461: 440 | AN461: Secondary/approx; NOT verified on Amazon.ca | AO461: BLANK -> requires live Amazon.ca capture | AP461: Unverified commercial data
A462: KeVita | B462: KeVita Sparkling Probiotic Drink | Lemon Ginger | 12-pack 440mL | C462: 3) Functional beverage (still/sparkling) | D462: 440 mL bottle | E462: 12 | G462: =IF(AND(ISNUMBER($F462),ISNUMBER($E462),$E462<>0),$F462/$E462,"") | H462: =IF(AND(ISNUMBER($F462),ISNUMBER($AL462),ISNUMBER($E462),($AL462*$E462)<>0),$F462/($AL462*$E462)*100,"") | K462: =IF(AND(ISNUMBER($F462),ISNUMBER($J462)),$F462*(1-$J462),"") | N462: =IF(ISNUMBER($F462),($F462-IF(ISNUMBER($AM462),$AM462,0))*(1-IF(ISNUMBER($J462),$J462,0)),"") | O462: Lemon Ginger | P462: 0 | Q462: 80 | R462: Not listed | S462: 5 | T462: 25 | U462: Stevia + juice | V462: Billions of probiotics, sparkling, gut health, low sugar | AA462: Medium | AB462: Mass probiotic drink (PepsiCo) | AC462: Sparkling probiotic for gut health | AD462: Probiotics in a light sparkling format. | AF462: =IF(AND(ISNUMBER($P462),ISNUMBER($AL462),$AL462<>0),ROUND($P462/$AL462*100,1),"") | AG462: =IF(AND(ISNUMBER($S462),ISNUMBER($AL462),$AL462<>0),ROUND($S462/$AL462*100,2),"") | AH462: =IF(AND(ISNUMBER($Q462),ISNUMBER($AL462),$AL462<>0),ROUND($Q462/$AL462*100,1),"") | AI462: =IF(ISNUMBER($S462),IF($S462<=1,"Yes","No"),"n/a") | AJ462: =IF(ISNUMBER($S462),ROUND(MAX(0,MIN(100,100-$S462*2.5-IF(ISNUMBER($T462),$T462,0)*0.12+IF($S462<=1,12,0))),0),"") | AK462: =IF(ISNUMBER($Q462),IF($Q462>=100,20,IF($Q462>=30,10,0)),0)+IF(ISNUMBER($R462),IF($R462>=100,20,0),0)+IF(ISNUMBER($P462),IF($P462>=150,20,IF($P462>=50,12,5)),0)+IF(ISNUMBER($S462),IF($S462<=1,15,0),0) | AL462: 440 | AN462: Secondary/approx; NOT verified on Amazon.ca | AO462: BLANK -> requires live Amazon.ca capture | AP462: Unverified commercial data
A463: KeVita | B463: KeVita Sparkling Probiotic Drink | Lemon Ginger | 18-pack 440mL | C463: 3) Functional beverage (still/sparkling) | D463: 440 mL bottle | E463: 18 | G463: =IF(AND(ISNUMBER($F463),ISNUMBER($E463),$E463<>0),$F463/$E463,"") | H463: =IF(AND(ISNUMBER($F463),ISNUMBER($AL463),ISNUMBER($E463),($AL463*$E463)<>0),$F463/($AL463*$E463)*100,"") | K463: =IF(AND(ISNUMBER($F463),ISNUMBER($J463)),$F463*(1-$J463),"") | N463: =IF(ISNUMBER($F463),($F463-IF(ISNUMBER($AM463),$AM463,0))*(1-IF(ISNUMBER($J463),$J463,0)),"") | O463: Lemon Ginger | P463: 0 | Q463: 80 | R463: Not listed | S463: 5 | T463: 25 | U463: Stevia + juice | V463: Billions of probiotics, sparkling, gut health, low sugar | AA463: Medium | AB463: Mass probiotic drink (PepsiCo) | AC463: Sparkling probiotic for gut health | AD463: Probiotics in a light sparkling format. | AF463: =IF(AND(ISNUMBER($P463),ISNUMBER($AL463),$AL463<>0),ROUND($P463/$AL463*100,1),"") | AG463: =IF(AND(ISNUMBER($S463),ISNUMBER($AL463),$AL463<>0),ROUND($S463/$AL463*100,2),"") | AH463: =IF(AND(ISNUMBER($Q463),ISNUMBER($AL463),$AL463<>0),ROUND($Q463/$AL463*100,1),"") | AI463: =IF(ISNUMBER($S463),IF($S463<=1,"Yes","No"),"n/a") | AJ463: =IF(ISNUMBER($S463),ROUND(MAX(0,MIN(100,100-$S463*2.5-IF(ISNUMBER($T463),$T463,0)*0.12+IF($S463<=1,12,0))),0),"") | AK463: =IF(ISNUMBER($Q463),IF($Q463>=100,20,IF($Q463>=30,10,0)),0)+IF(ISNUMBER($R463),IF($R463>=100,20,0),0)+IF(ISNUMBER($P463),IF($P463>=150,20,IF($P463>=50,12,5)),0)+IF(ISNUMBER($S463),IF($S463<=1,15,0),0) | AL463: 440 | AN463: Secondary/approx; NOT verified on Amazon.ca | AO463: BLANK -> requires live Amazon.ca capture | AP463: Unverified commercial data
A464: KeVita | B464: KeVita Sparkling Probiotic Drink | Lemon Ginger | 24-pack 440mL | C464: 3) Functional beverage (still/sparkling) | D464: 440 mL bottle | E464: 24 | G464: =IF(AND(ISNUMBER($F464),ISNUMBER($E464),$E464<>0),$F464/$E464,"") | H464: =IF(AND(ISNUMBER($F464),ISNUMBER($AL464),ISNUMBER($E464),($AL464*$E464)<>0),$F464/($AL464*$E464)*100,"") | K464: =IF(AND(ISNUMBER($F464),ISNUMBER($J464)),$F464*(1-$J464),"") | N464: =IF(ISNUMBER($F464),($F464-IF(ISNUMBER($AM464),$AM464,0))*(1-IF(ISNUMBER($J464),$J464,0)),"") | O464: Lemon Ginger | P464: 0 | Q464: 80 | R464: Not listed | S464: 5 | T464: 25 | U464: Stevia + juice | V464: Billions of probiotics, sparkling, gut health, low sugar | AA464: Medium | AB464: Mass probiotic drink (PepsiCo) | AC464: Sparkling probiotic for gut health | AD464: Probiotics in a light sparkling format. | AF464: =IF(AND(ISNUMBER($P464),ISNUMBER($AL464),$AL464<>0),ROUND($P464/$AL464*100,1),"") | AG464: =IF(AND(ISNUMBER($S464),ISNUMBER($AL464),$AL464<>0),ROUND($S464/$AL464*100,2),"") | AH464: =IF(AND(ISNUMBER($Q464),ISNUMBER($AL464),$AL464<>0),ROUND($Q464/$AL464*100,1),"") | AI464: =IF(ISNUMBER($S464),IF($S464<=1,"Yes","No"),"n/a") | AJ464: =IF(ISNUMBER($S464),ROUND(MAX(0,MIN(100,100-$S464*2.5-IF(ISNUMBER($T464),$T464,0)*0.12+IF($S464<=1,12,0))),0),"") | AK464: =IF(ISNUMBER($Q464),IF($Q464>=100,20,IF($Q464>=30,10,0)),0)+IF(ISNUMBER($R464),IF($R464>=100,20,0),0)+IF(ISNUMBER($P464),IF($P464>=150,20,IF($P464>=50,12,5)),0)+IF(ISNUMBER($S464),IF($S464<=1,15,0),0) | AL464: 440 | AN464: Secondary/approx; NOT verified on Amazon.ca | AO464: BLANK -> requires live Amazon.ca capture | AP464: Unverified commercial data
A465: KeVita | B465: KeVita Sparkling Probiotic Drink | Mojita Lime Mint Coconut | single 440mL | C465: 3) Functional beverage (still/sparkling) | D465: 440 mL bottle | E465: 1 | G465: =IF(AND(ISNUMBER($F465),ISNUMBER($E465),$E465<>0),$F465/$E465,"") | H465: =IF(AND(ISNUMBER($F465),ISNUMBER($AL465),ISNUMBER($E465),($AL465*$E465)<>0),$F465/($AL465*$E465)*100,"") | K465: =IF(AND(ISNUMBER($F465),ISNUMBER($J465)),$F465*(1-$J465),"") | N465: =IF(ISNUMBER($F465),($F465-IF(ISNUMBER($AM465),$AM465,0))*(1-IF(ISNUMBER($J465),$J465,0)),"") | O465: Mojita Lime Mint Coconut | P465: 0 | Q465: 80 | R465: Not listed | S465: 5 | T465: 25 | U465: Stevia + juice | V465: Billions of probiotics, sparkling, gut health, low sugar | AA465: Medium | AB465: Mass probiotic drink (PepsiCo) | AC465: Sparkling probiotic for gut health | AD465: Probiotics in a light sparkling format. | AF465: =IF(AND(ISNUMBER($P465),ISNUMBER($AL465),$AL465<>0),ROUND($P465/$AL465*100,1),"") | AG465: =IF(AND(ISNUMBER($S465),ISNUMBER($AL465),$AL465<>0),ROUND($S465/$AL465*100,2),"") | AH465: =IF(AND(ISNUMBER($Q465),ISNUMBER($AL465),$AL465<>0),ROUND($Q465/$AL465*100,1),"") | AI465: =IF(ISNUMBER($S465),IF($S465<=1,"Yes","No"),"n/a") | AJ465: =IF(ISNUMBER($S465),ROUND(MAX(0,MIN(100,100-$S465*2.5-IF(ISNUMBER($T465),$T465,0)*0.12+IF($S465<=1,12,0))),0),"") | AK465: =IF(ISNUMBER($Q465),IF($Q465>=100,20,IF($Q465>=30,10,0)),0)+IF(ISNUMBER($R465),IF($R465>=100,20,0),0)+IF(ISNUMBER($P465),IF($P465>=150,20,IF($P465>=50,12,5)),0)+IF(ISNUMBER($S465),IF($S465<=1,15,0),0) | AL465: 440 | AN465: Secondary/approx; NOT verified on Amazon.ca | AO465: BLANK -> requires live Amazon.ca capture | AP465: Unverified commercial data
A466: KeVita | B466: KeVita Sparkling Probiotic Drink | Mojita Lime Mint Coconut | 8-pack 440mL | C466: 3) Functional beverage (still/sparkling) | D466: 440 mL bottle | E466: 8 | G466: =IF(AND(ISNUMBER($F466),ISNUMBER($E466),$E466<>0),$F466/$E466,"") | H466: =IF(AND(ISNUMBER($F466),ISNUMBER($AL466),ISNUMBER($E466),($AL466*$E466)<>0),$F466/($AL466*$E466)*100,"") | K466: =IF(AND(ISNUMBER($F466),ISNUMBER($J466)),$F466*(1-$J466),"") | N466: =IF(ISNUMBER($F466),($F466-IF(ISNUMBER($AM466),$AM466,0))*(1-IF(ISNUMBER($J466),$J466,0)),"") | O466: Mojita Lime Mint Coconut | P466: 0 | Q466: 80 | R466: Not listed | S466: 5 | T466: 25 | U466: Stevia + juice | V466: Billions of probiotics, sparkling, gut health, low sugar | AA466: Medium | AB466: Mass probiotic drink (PepsiCo) | AC466: Sparkling probiotic for gut health | AD466: Probiotics in a light sparkling format. | AF466: =IF(AND(ISNUMBER($P466),ISNUMBER($AL466),$AL466<>0),ROUND($P466/$AL466*100,1),"") | AG466: =IF(AND(ISNUMBER($S466),ISNUMBER($AL466),$AL466<>0),ROUND($S466/$AL466*100,2),"") | AH466: =IF(AND(ISNUMBER($Q466),ISNUMBER($AL466),$AL466<>0),ROUND($Q466/$AL466*100,1),"") | AI466: =IF(ISNUMBER($S466),IF($S466<=1,"Yes","No"),"n/a") | AJ466: =IF(ISNUMBER($S466),ROUND(MAX(0,MIN(100,100-$S466*2.5-IF(ISNUMBER($T466),$T466,0)*0.12+IF($S466<=1,12,0))),0),"") | AK466: =IF(ISNUMBER($Q466),IF($Q466>=100,20,IF($Q466>=30,10,0)),0)+IF(ISNUMBER($R466),IF($R466>=100,20,0),0)+IF(ISNUMBER($P466),IF($P466>=150,20,IF($P466>=50,12,5)),0)+IF(ISNUMBER($S466),IF($S466<=1,15,0),0) | AL466: 440 | AN466: Secondary/approx; NOT verified on Amazon.ca | AO466: BLANK -> requires live Amazon.ca capture | AP466: Unverified commercial data
A467: KeVita | B467: KeVita Sparkling Probiotic Drink | Mojita Lime Mint Coconut | 12-pack 440mL | C467: 3) Functional beverage (still/sparkling) | D467: 440 mL bottle | E467: 12 | G467: =IF(AND(ISNUMBER($F467),ISNUMBER($E467),$E467<>0),$F467/$E467,"") | H467: =IF(AND(ISNUMBER($F467),ISNUMBER($AL467),ISNUMBER($E467),($AL467*$E467)<>0),$F467/($AL467*$E467)*100,"") | K467: =IF(AND(ISNUMBER($F467),ISNUMBER($J467)),$F467*(1-$J467),"") | N467: =IF(ISNUMBER($F467),($F467-IF(ISNUMBER($AM467),$AM467,0))*(1-IF(ISNUMBER($J467),$J467,0)),"") | O467: Mojita Lime Mint Coconut | P467: 0 | Q467: 80 | R467: Not listed | S467: 5 | T467: 25 | U467: Stevia + juice | V467: Billions of probiotics, sparkling, gut health, low sugar | AA467: Medium | AB467: Mass probiotic drink (PepsiCo) | AC467: Sparkling probiotic for gut health | AD467: Probiotics in a light sparkling format. | AF467: =IF(AND(ISNUMBER($P467),ISNUMBER($AL467),$AL467<>0),ROUND($P467/$AL467*100,1),"") | AG467: =IF(AND(ISNUMBER($S467),ISNUMBER($AL467),$AL467<>0),ROUND($S467/$AL467*100,2),"") | AH467: =IF(AND(ISNUMBER($Q467),ISNUMBER($AL467),$AL467<>0),ROUND($Q467/$AL467*100,1),"") | AI467: =IF(ISNUMBER($S467),IF($S467<=1,"Yes","No"),"n/a") | AJ467: =IF(ISNUMBER($S467),ROUND(MAX(0,MIN(100,100-$S467*2.5-IF(ISNUMBER($T467),$T467,0)*0.12+IF($S467<=1,12,0))),0),"") | AK467: =IF(ISNUMBER($Q467),IF($Q467>=100,20,IF($Q467>=30,10,0)),0)+IF(ISNUMBER($R467),IF($R467>=100,20,0),0)+IF(ISNUMBER($P467),IF($P467>=150,20,IF($P467>=50,12,5)),0)+IF(ISNUMBER($S467),IF($S467<=1,15,0),0) | AL467: 440 | AN467: Secondary/approx; NOT verified on Amazon.ca | AO467: BLANK -> requires live Amazon.ca capture | AP467: Unverified commercial data
A468: KeVita | B468: KeVita Sparkling Probiotic Drink | Mojita Lime Mint Coconut | 18-pack 440mL | C468: 3) Functional beverage (still/sparkling) | D468: 440 mL bottle | E468: 18 | G468: =IF(AND(ISNUMBER($F468),ISNUMBER($E468),$E468<>0),$F468/$E468,"") | H468: =IF(AND(ISNUMBER($F468),ISNUMBER($AL468),ISNUMBER($E468),($AL468*$E468)<>0),$F468/($AL468*$E468)*100,"") | K468: =IF(AND(ISNUMBER($F468),ISNUMBER($J468)),$F468*(1-$J468),"") | N468: =IF(ISNUMBER($F468),($F468-IF(ISNUMBER($AM468),$AM468,0))*(1-IF(ISNUMBER($J468),$J468,0)),"") | O468: Mojita Lime Mint Coconut | P468: 0 | Q468: 80 | R468: Not listed | S468: 5 | T468: 25 | U468: Stevia + juice | V468: Billions of probiotics, sparkling, gut health, low sugar | AA468: Medium | AB468: Mass probiotic drink (PepsiCo) | AC468: Sparkling probiotic for gut health | AD468: Probiotics in a light sparkling format. | AF468: =IF(AND(ISNUMBER($P468),ISNUMBER($AL468),$AL468<>0),ROUND($P468/$AL468*100,1),"") | AG468: =IF(AND(ISNUMBER($S468),ISNUMBER($AL468),$AL468<>0),ROUND($S468/$AL468*100,2),"") | AH468: =IF(AND(ISNUMBER($Q468),ISNUMBER($AL468),$AL468<>0),ROUND($Q468/$AL468*100,1),"") | AI468: =IF(ISNUMBER($S468),IF($S468<=1,"Yes","No"),"n/a") | AJ468: =IF(ISNUMBER($S468),ROUND(MAX(0,MIN(100,100-$S468*2.5-IF(ISNUMBER($T468),$T468,0)*0.12+IF($S468<=1,12,0))),0),"") | AK468: =IF(ISNUMBER($Q468),IF($Q468>=100,20,IF($Q468>=30,10,0)),0)+IF(ISNUMBER($R468),IF($R468>=100,20,0),0)+IF(ISNUMBER($P468),IF($P468>=150,20,IF($P468>=50,12,5)),0)+IF(ISNUMBER($S468),IF($S468<=1,15,0),0) | AL468: 440 | AN468: Secondary/approx; NOT verified on Amazon.ca | AO468: BLANK -> requires live Amazon.ca capture | AP468: Unverified commercial data
A469: KeVita | B469: KeVita Sparkling Probiotic Drink | Mojita Lime Mint Coconut | 24-pack 440mL | C469: 3) Functional beverage (still/sparkling) | D469: 440 mL bottle | E469: 24 | G469: =IF(AND(ISNUMBER($F469),ISNUMBER($E469),$E469<>0),$F469/$E469,"") | H469: =IF(AND(ISNUMBER($F469),ISNUMBER($AL469),ISNUMBER($E469),($AL469*$E469)<>0),$F469/($AL469*$E469)*100,"") | K469: =IF(AND(ISNUMBER($F469),ISNUMBER($J469)),$F469*(1-$J469),"") | N469: =IF(ISNUMBER($F469),($F469-IF(ISNUMBER($AM469),$AM469,0))*(1-IF(ISNUMBER($J469),$J469,0)),"") | O469: Mojita Lime Mint Coconut | P469: 0 | Q469: 80 | R469: Not listed | S469: 5 | T469: 25 | U469: Stevia + juice | V469: Billions of probiotics, sparkling, gut health, low sugar | AA469: Medium | AB469: Mass probiotic drink (PepsiCo) | AC469: Sparkling probiotic for gut health | AD469: Probiotics in a light sparkling format. | AF469: =IF(AND(ISNUMBER($P469),ISNUMBER($AL469),$AL469<>0),ROUND($P469/$AL469*100,1),"") | AG469: =IF(AND(ISNUMBER($S469),ISNUMBER($AL469),$AL469<>0),ROUND($S469/$AL469*100,2),"") | AH469: =IF(AND(ISNUMBER($Q469),ISNUMBER($AL469),$AL469<>0),ROUND($Q469/$AL469*100,1),"") | AI469: =IF(ISNUMBER($S469),IF($S469<=1,"Yes","No"),"n/a") | AJ469: =IF(ISNUMBER($S469),ROUND(MAX(0,MIN(100,100-$S469*2.5-IF(ISNUMBER($T469),$T469,0)*0.12+IF($S469<=1,12,0))),0),"") | AK469: =IF(ISNUMBER($Q469),IF($Q469>=100,20,IF($Q469>=30,10,0)),0)+IF(ISNUMBER($R469),IF($R469>=100,20,0),0)+IF(ISNUMBER($P469),IF($P469>=150,20,IF($P469>=50,12,5)),0)+IF(ISNUMBER($S469),IF($S469<=1,15,0),0) | AL469: 440 | AN469: Secondary/approx; NOT verified on Amazon.ca | AO469: BLANK -> requires live Amazon.ca capture | AP469: Unverified commercial data
A470: KeVita | B470: KeVita Sparkling Probiotic Drink | Strawberry Acai Coconut | single 440mL | C470: 3) Functional beverage (still/sparkling) | D470: 440 mL bottle | E470: 1 | G470: =IF(AND(ISNUMBER($F470),ISNUMBER($E470),$E470<>0),$F470/$E470,"") | H470: =IF(AND(ISNUMBER($F470),ISNUMBER($AL470),ISNUMBER($E470),($AL470*$E470)<>0),$F470/($AL470*$E470)*100,"") | K470: =IF(AND(ISNUMBER($F470),ISNUMBER($J470)),$F470*(1-$J470),"") | N470: =IF(ISNUMBER($F470),($F470-IF(ISNUMBER($AM470),$AM470,0))*(1-IF(ISNUMBER($J470),$J470,0)),"") | O470: Strawberry Acai Coconut | P470: 0 | Q470: 80 | R470: Not listed | S470: 5 | T470: 25 | U470: Stevia + juice | V470: Billions of probiotics, sparkling, gut health, low sugar | AA470: Medium | AB470: Mass probiotic drink (PepsiCo) | AC470: Sparkling probiotic for gut health | AD470: Probiotics in a light sparkling format. | AF470: =IF(AND(ISNUMBER($P470),ISNUMBER($AL470),$AL470<>0),ROUND($P470/$AL470*100,1),"") | AG470: =IF(AND(ISNUMBER($S470),ISNUMBER($AL470),$AL470<>0),ROUND($S470/$AL470*100,2),"") | AH470: =IF(AND(ISNUMBER($Q470),ISNUMBER($AL470),$AL470<>0),ROUND($Q470/$AL470*100,1),"") | AI470: =IF(ISNUMBER($S470),IF($S470<=1,"Yes","No"),"n/a") | AJ470: =IF(ISNUMBER($S470),ROUND(MAX(0,MIN(100,100-$S470*2.5-IF(ISNUMBER($T470),$T470,0)*0.12+IF($S470<=1,12,0))),0),"") | AK470: =IF(ISNUMBER($Q470),IF($Q470>=100,20,IF($Q470>=30,10,0)),0)+IF(ISNUMBER($R470),IF($R470>=100,20,0),0)+IF(ISNUMBER($P470),IF($P470>=150,20,IF($P470>=50,12,5)),0)+IF(ISNUMBER($S470),IF($S470<=1,15,0),0) | AL470: 440 | AN470: Secondary/approx; NOT verified on Amazon.ca | AO470: BLANK -> requires live Amazon.ca capture | AP470: Unverified commercial data
A471: KeVita | B471: KeVita Sparkling Probiotic Drink | Strawberry Acai Coconut | 8-pack 440mL | C471: 3) Functional beverage (still/sparkling) | D471: 440 mL bottle | E471: 8 | G471: =IF(AND(ISNUMBER($F471),ISNUMBER($E471),$E471<>0),$F471/$E471,"") | H471: =IF(AND(ISNUMBER($F471),ISNUMBER($AL471),ISNUMBER($E471),($AL471*$E471)<>0),$F471/($AL471*$E471)*100,"") | K471: =IF(AND(ISNUMBER($F471),ISNUMBER($J471)),$F471*(1-$J471),"") | N471: =IF(ISNUMBER($F471),($F471-IF(ISNUMBER($AM471),$AM471,0))*(1-IF(ISNUMBER($J471),$J471,0)),"") | O471: Strawberry Acai Coconut | P471: 0 | Q471: 80 | R471: Not listed | S471: 5 | T471: 25 | U471: Stevia + juice | V471: Billions of probiotics, sparkling, gut health, low sugar | AA471: Medium | AB471: Mass probiotic drink (PepsiCo) | AC471: Sparkling probiotic for gut health | AD471: Probiotics in a light sparkling format. | AF471: =IF(AND(ISNUMBER($P471),ISNUMBER($AL471),$AL471<>0),ROUND($P471/$AL471*100,1),"") | AG471: =IF(AND(ISNUMBER($S471),ISNUMBER($AL471),$AL471<>0),ROUND($S471/$AL471*100,2),"") | AH471: =IF(AND(ISNUMBER($Q471),ISNUMBER($AL471),$AL471<>0),ROUND($Q471/$AL471*100,1),"") | AI471: =IF(ISNUMBER($S471),IF($S471<=1,"Yes","No"),"n/a") | AJ471: =IF(ISNUMBER($S471),ROUND(MAX(0,MIN(100,100-$S471*2.5-IF(ISNUMBER($T471),$T471,0)*0.12+IF($S471<=1,12,0))),0),"") | AK471: =IF(ISNUMBER($Q471),IF($Q471>=100,20,IF($Q471>=30,10,0)),0)+IF(ISNUMBER($R471),IF($R471>=100,20,0),0)+IF(ISNUMBER($P471),IF($P471>=150,20,IF($P471>=50,12,5)),0)+IF(ISNUMBER($S471),IF($S471<=1,15,0),0) | AL471: 440 | AN471: Secondary/approx; NOT verified on Amazon.ca | AO471: BLANK -> requires live Amazon.ca capture | AP471: Unverified commercial data
... A544: ALO | B544: ALO Exposed Aloe Vera Drink | Pink Grapefruit Lemon | 24-pack 500mL | C544: 3) Functional beverage (still/sparkling) | D544: 500 mL bottle | E544: 24 | G544: =IF(AND(ISNUMBER($F544),ISNUMBER($E544),$E544<>0),$F544/$E544,"") | H544: =IF(AND(ISNUMBER($F544),ISNUMBER($AL544),ISNUMBER($E544),($AL544*$E544)<>0),$F544/($AL544*$E544)*100,"") | K544: =IF(AND(ISNUMBER($F544),ISNUMBER($J544)),$F544*(1-$J544),"") | N544: =IF(ISNUMBER($F544),($F544-IF(ISNUMBER($AM544),$AM544,0))*(1-IF(ISNUMBER($J544),$J544,0)),"") | O544: Pink Grapefruit Lemon | P544: 0 | Q544: 20 | R544: Not listed | S544: 20 | T544: 90 | U544: Cane sugar | V544: Real aloe vera pulp, antioxidants, vitamins | AA544: Low | AB544: Leading aloe drink | AC544: Real aloe pulp wellness drink | AD544: Aloe pulp and a wellness halo. | AF544: =IF(AND(ISNUMBER($P544),ISNUMBER($AL544),$AL544<>0),ROUND($P544/$AL544*100,1),"") | AG544: =IF(AND(ISNUMBER($S544),ISNUMBER($AL544),$AL544<>0),ROUND($S544/$AL544*100,2),"") | AH544: =IF(AND(ISNUMBER($Q544),ISNUMBER($AL544),$AL544<>0),ROUND($Q544/$AL544*100,1),"") | AI544: =IF(ISNUMBER($S544),IF($S544<=1,"Yes","No"),"n/a") | AJ544: =IF(ISNUMBER($S544),ROUND(MAX(0,MIN(100,100-$S544*2.5-IF(ISNUMBER($T544),$T544,0)*0.12+IF($S544<=1,12,0))),0),"") | AK544: =IF(ISNUMBER($Q544),IF($Q544>=100,20,IF($Q544>=30,10,0)),0)+IF(ISNUMBER($R544),IF($R544>=100,20,0),0)+IF(ISNUMBER($P544),IF($P544>=150,20,IF($P544>=50,12,5)),0)+IF(ISNUMBER($S544),IF($S544<=1,15,0),0) | AL544: 500 | AN544: Secondary/approx; NOT verified on Amazon.ca | AO544: BLANK -> requires live Amazon.ca capture | AP544: Unverified commercial data

Sheet M4 - Caffeine & Energy
A1: 1. Brand | B1: 2. Product Line / SKU Name | C1: 3. Category | D1: 4. Format & Size | E1: 5. Pack Count | F1: 6. One-Time Price (CAD) | G1: 7. Price / Unit (CAD) | H1: 8. Price / 100 mL (CAD) | I1: 9. S&S Offered (Y/N) | J1: 10. S&S Discount % | K1: 11. S&S Price After Disc. | L1: 12. Coupon on Listing (Y/N + value) | M1: 13. Promotion Text | N1: 14. Lowest Effective Price (stacked) | O1: 15. All Flavours in Listing | P1: 16. Caffeine / Serving (mg) | Q1: 17. Sodium / Serving (mg) | R1: 18. Potassium / Serving (mg) | S1: 19. Sugar / Serving (g) | T1: 20. Calories / Serving | U1: 21. Sweetener Type | V1: 22. Key Functional Claims | W1: 23. Star Rating | X1: 24. Number of Ratings | Y1: 25. Amazon Badge | Z1: 26. Bestseller Rank in Category | AA1: 27a. Est. Weekly Velocity (band) | AB1: 27b. Velocity Signal Used | AC1: 28. Biggest Selling Message | AD1: 29. Why a Shopper Chooses This | AE1: 30. Direct Product URL | AF1: C1. Caffeine /100 mL (mg) | AG1: C2. Sugar /100 mL (g) | AH1: C3. Sodium /100 mL (mg) | AI1: C4. Sugar-Free? (<=1 g) | AJ1: C5. Health Score (0-100) | AK1: C6. Functional Score (0-100) | AL1: H1. Unit Vol (mL) [calc helper] | AM1: H2. Coupon Value (CAD) [calc helper] | AN1: P1. Attribute Provenance | AO1: P2. Commercial-Field Status | AP1: P3. Row Flag
A2: Red Bull | B2: Red Bull Energy Drink | Original | 4-pack 250mL | C2: 4) Caffeine & energy beverage | D2: 250 mL can | E2: 4 | G2: =IF(AND(ISNUMBER($F2),ISNUMBER($E2),$E2<>0),$F2/$E2,"") | H2: =IF(AND(ISNUMBER($F2),ISNUMBER($AL2),ISNUMBER($E2),($AL2*$E2)<>0),$F2/($AL2*$E2)*100,"") | K2: =IF(AND(ISNUMBER($F2),ISNUMBER($J2)),$F2*(1-$J2),"") | N2: =IF(ISNUMBER($F2),($F2-IF(ISNUMBER($AM2),$AM2,0))*(1-IF(ISNUMBER($J2),$J2,0)),"") | O2: Original | P2: 80 | Q2: 105 | R2: Not listed | S2: 27 | T2: 112 | U2: Sucrose + glucose | V2: Energy, focus, taurine + B-vitamins | AA2: Very High | AB2: Global #1 energy brand; ubiquitous repeat purchase | AC2: The original wings-giving energy hit | AD2: Brand trust and ubiquity - the default energy can people already know. | AF2: =IF(AND(ISNUMBER($P2),ISNUMBER($AL2),$AL2<>0),ROUND($P2/$AL2*100,1),"") | AG2: =IF(AND(ISNUMBER($S2),ISNUMBER($AL2),$AL2<>0),ROUND($S2/$AL2*100,2),"") | AH2: =IF(AND(ISNUMBER($Q2),ISNUMBER($AL2),$AL2<>0),ROUND($Q2/$AL2*100,1),"") | AI2: =IF(ISNUMBER($S2),IF($S2<=1,"Yes","No"),"n/a") | AJ2: =IF(ISNUMBER($S2),ROUND(MAX(0,MIN(100,100-$S2*2.5-IF(ISNUMBER($T2),$T2,0)*0.12+IF($S2<=1,12,0))),0),"") | AK2: =IF(ISNUMBER($Q2),IF($Q2>=100,20,IF($Q2>=30,10,0)),0)+IF(ISNUMBER($R2),IF($R2>=100,20,0),0)+IF(ISNUMBER($P2),IF($P2>=150,20,IF($P2>=50,12,5)),0)+IF(ISNUMBER($S2),IF($S2<=1,15,0),0) | AL2: 250 | AN2: Secondary/approx; NOT verified on Amazon.ca | AO2: BLANK -> requires live Amazon.ca capture | AP2: Unverified commercial data
