Workbook

Sheet Summary
A1: ContainerWorld 3PL | Phase 2 and Phase 3 Volume Scenarios
A2: All figures in CAD.
B4: Phase 2 Aug 1 to Oct 31 | C4: Phase 3 S1 10,000 cs | D4: Phase 3 S2 20,000 cs | E4: Phase 3 S3 30,000 cs
A5: Total cases | B5: ='Phase 2'!B5 | C5: ='Phase 3 Scenarios'!B5 | D5: ='Phase 3 Scenarios'!C5 | E5: ='Phase 3 Scenarios'!D5
A6: Cases per month | B6: ='Phase 2'!B7 | C6: ='Phase 3 Scenarios'!B7 | D6: ='Phase 3 Scenarios'!C7 | E6: ='Phase 3 Scenarios'!D7
A7: All in $ per case | B7: ='Phase 2'!B31 | C7: ='Phase 3 Scenarios'!B31 | D7: ='Phase 3 Scenarios'!C31 | E7: ='Phase 3 Scenarios'!D31
A8: Full phase ContainerWorld cost | B8: ='Phase 2'!B35 | C8: ='Phase 3 Scenarios'!B35 | D8: ='Phase 3 Scenarios'!C35 | E8: ='Phase 3 Scenarios'!D35
A10: TIMELINE
A11: Phase 2: Aug 1 – Oct 31, 2026 (3 months)
A12: Phase 3: Nov 1, 2026 – Aug 31, 2027 (10 months, fiscal year ends Aug 31)
A14: Not in these numbers: inbound freight from the Alberta CoMan to Richmond, order processing fees on any phone/email orders, and GST.

Sheet Rates
A1: ContainerWorld Rates
A2: Cans / RTD rates, effective Mar 1 – Dec 31, 2026.
A4: Inbound handling, palletized | B4: 0.416 | C4: $/case
A5: Inbound handling, loose | B5: 0.811 | C5: $/case
A6: Ex warehouse case pick | B6: 1.32 | C6: $/case
A7: Dry storage, 40+ cases per pallet | B7: 0.265 | C7: $/case/mo
A8: Admin, CWFS forwarding | B8: 0.194 | C8: $/case
A9: Admin, own or supplier forwarding | B9: 0.384 | C9: $/case
A10: Transit insurance (optional) | B10: 0.09 | C10: $/case
A11: Storage insurance (optional) | B11: 0.028 | C11: $/case/mo
A12: Order processing fee, phone/fax/email orders only | B12: 4.85 | C12: $/order
A13: Direct delivery pallet charge | B13: 0.053 | C13: $/case
A14: Minimum warehouse receipt | B14: 50 | C14: $/receipt
A15: Minimum monthly storage billing | B15: 89 | C15: $/month
A17: Delivery rates by zone (cans)
A18: Zone | B18: Cans $/case | C18: Min $/delivery | D18: Break even cases/drop
A19: Lower Mainland | B19: 1.51 | C19: 14.96 | D19: =C19/B19
A20: Fraser Valley | B20: 1.57 | C20: 15.53 | D20: =C20/B20
A21: East Fraser Valley | B21: 2.03 | C21: 16.82 | D21: =C21/B21
A22: Vancouver Island | B22: 2.41 | C22: 20.41 | D22: =C22/B22
A23: Okanagan/Kelowna | B23: 2.61 | C23: 20.93 | D23: =C23/B23
A25: Below the break even cases per stop, the minimum charge applies, not the per case rate.

Sheet Phase 2
A1: Phase 2 | Aug 1 to Oct 31, 2026 | BC launch, 100 doors
A2: Blue cells are inputs.
B4: Phase 2
A5: Total cases for the phase | B5: =B7*B6 | C5: calculated: cases per month × months
A6: Months in the phase | B6: 3 | C6: Aug 1 2026 to Oct 31 2026
A7: Cases per month (burn rate) | B7: 500
A8: Average cases per delivery drop | B8: 8 | C8: Adjustable lever – sets delivery cost. Break-evens by zone on Rates tab.
A9: Months of stock on hand | B9: 1
A10: Fuel surcharge % | B10: 0
A11: Admin $/case, 0.194 CWFS fwd or 0.384 own fwd | B11: 0.384
A12: Transit insurance $/case, 0 to exclude | B12: 0.09
A13: Storage insurance $/case/mo, 0 to exclude | B13: 0.028
A15: BLENDED DELIVERY RATE =MAX(zone rate, zone min ÷ cases per drop), weighted by zone mix
A16: Lower Mainland | B16: =MAX(Rates!$B$19,Rates!$C$19/B$8)*$C16 | C16: 0.62
A17: Fraser Valley | B17: =MAX(Rates!$B$20,Rates!$C$20/B$8)*$C17 | C17: 0.15
A18: East Fraser Valley | B18: =MAX(Rates!$B$21,Rates!$C$21/B$8)*$C18 | C18: 0.04
A19: Vancouver Island | B19: =MAX(Rates!$B$22,Rates!$C$22/B$8)*$C19 | C19: 0.13
A20: Okanagan/Kelowna | B20: =MAX(Rates!$B$23,Rates!$C$23/B$8)*$C20 | C20: 0.06
A21: Blended delivery $/case | B21: =SUM(B16:B20)
A23: COST PER CASE BUILD
A24: Inbound handling (palletized) | B24: =Rates!$B$4
A25: Storage | B25: =Rates!$B$7*B9
A26: Case pick | B26: =Rates!$B$6
A27: Admin | B27: =B11
A28: Insurance, transit + storage | B28: =B12+B13*B9
A29: Delivery (blended, incl fuel) | B29: =B21*(1+B10)
A30: Delivery pallet charge | B30: =Rates!$B$13
A31: ALL IN $ PER CASE | B31: =SUM(B24:B30)
A33: PHASE TOTALS
A34: Monthly ContainerWorld cost | B34: =B31*B7
A35: Full phase ContainerWorld cost | B35: =B34*B6

Sheet Phase 3 Scenarios
A1: Phase 3 | Nov 1, 2026 to Aug 31, 2027 (fiscal year ends Aug 31) | Three volume scenarios
A2: Blue cells are inputs.
B4: Scenario 1: 10,000 cases | C4: Scenario 2: 20,000 cases | D4: Scenario 3: 30,000 cases
A5: Total cases for the phase | B5: 10000 | C5: 20000 | D5: 30000
A6: Months in the phase | B6: 10 | C6: 10 | D6: 10 | E6: Nov 1 2026 to Aug 31 2027
A7: Cases per month | B7: =B5/B6 | C7: =C5/C6 | D7: =D5/D6
A8: Average cases per delivery drop | B8: 8 | C8: 10 | D8: 12 | E8: Adjustable lever – sets delivery cost. Break-evens by zone on Rates tab.
A9: Months of stock on hand | B9: 1 | C9: 1 | D9: 1
A10: Fuel surcharge % | B10: 0 | C10: 0 | D10: 0
A11: Admin $/case, 0.194 CWFS fwd or 0.384 own fwd | B11: 0.384 | C11: 0.384 | D11: 0.384
A12: Transit insurance $/case, 0 to exclude | B12: 0.09 | C12: 0.09 | D12: 0.09
A13: Storage insurance $/case/mo, 0 to exclude | B13: 0.028 | C13: 0.028 | D13: 0.028
A15: BLENDED DELIVERY RATE =MAX(zone rate, zone min ÷ cases per drop), weighted by zone mix
A16: Lower Mainland | B16: =MAX(Rates!$B$19,Rates!$C$19/B$8)*$E16 | C16: =MAX(Rates!$B$19,Rates!$C$19/C$8)*$E16 | D16: =MAX(Rates!$B$19,Rates!$C$19/D$8)*$E16 | E16: 0.62
A17: Fraser Valley | B17: =MAX(Rates!$B$20,Rates!$C$20/B$8)*$E17 | C17: =MAX(Rates!$B$20,Rates!$C$20/C$8)*$E17 | D17: =MAX(Rates!$B$20,Rates!$C$20/D$8)*$E17 | E17: 0.15
A18: East Fraser Valley | B18: =MAX(Rates!$B$21,Rates!$C$21/B$8)*$E18 | C18: =MAX(Rates!$B$21,Rates!$C$21/C$8)*$E18 | D18: =MAX(Rates!$B$21,Rates!$C$21/D$8)*$E18 | E18: 0.04
A19: Vancouver Island | B19: =MAX(Rates!$B$22,Rates!$C$22/B$8)*$E19 | C19: =MAX(Rates!$B$22,Rates!$C$22/C$8)*$E19 | D19: =MAX(Rates!$B$22,Rates!$C$22/D$8)*$E19 | E19: 0.13
A20: Okanagan/Kelowna | B20: =MAX(Rates!$B$23,Rates!$C$23/B$8)*$E20 | C20: =MAX(Rates!$B$23,Rates!$C$23/C$8)*$E20 | D20: =MAX(Rates!$B$23,Rates!$C$23/D$8)*$E20 | E20: 0.06
A21: Blended delivery $/case | B21: =SUM(B16:B20) | C21: =SUM(C16:C20) | D21: =SUM(D16:D20)
A23: COST PER CASE BUILD
A24: Inbound handling (palletized) | B24: =Rates!$B$4 | C24: =Rates!$B$4 | D24: =Rates!$B$4
A25: Storage | B25: =Rates!$B$7*B9 | C25: =Rates!$B$7*C9 | D25: =Rates!$B$7*D9
A26: Case pick | B26: =Rates!$B$6 | C26: =Rates!$B$6 | D26: =Rates!$B$6
A27: Admin | B27: =B11 | C27: =C11 | D27: =D11
A28: Insurance, transit + storage | B28: =B12+B13*B9 | C28: =C12+C13*C9 | D28: =D12+D13*D9
A29: Delivery (blended, incl fuel) | B29: =B21*(1+B10) | C29: =C21*(1+C10) | D29: =D21*(1+D10)
A30: Delivery pallet charge | B30: =Rates!$B$13 | C30: =Rates!$B$13 | D30: =Rates!$B$13
A31: ALL IN $ PER CASE | B31: =SUM(B24:B30) | C31: =SUM(C24:C30) | D31: =SUM(D24:D30)
A33: PHASE TOTALS
A34: Monthly ContainerWorld cost | B34: =B31*B7 | C34: =C31*C7 | D34: =D31*D7
A35: Full phase ContainerWorld cost | B35: =B34*B6 | C35: =C34*C6 | D35: =D34*D6
